1,2,3,4,5,6,7,8,9,10,11,12,13,14,15,16,17,18,19,20,21,22,23,24,25,26,27,28,29,30,31,32,33,34,35,36,37,38,39,40,41,42,43,44,45,46,47,48,49,50,51,52,53,54,55,56,57,58,59,60,61,62,63,64,65,66,67,68,69,70,71
1101.5,4.4356e+05,6968.2,12443,6.6983e+05,620.46,6119.7,2.8193e+05,1003.6,12459,2.6037e+05,308.47,400.67,12973,580.1,3.1283e+05,940.76,1438.8,15191,2.9646e+05,2.9874e+05,3371.4,1.083e+05,4.7873e+05,2.5942e+05,1.925e+05,1610,1.4951e+05,324.69,1.2974e+05,2.1059e+05,2.8635e+05,1.9148e+05,296.93,69488,12029,47508,3639.7,13016,1.8498e+05,530.09,3.8364e+05,3620.5,3990.4,1.8746e+05,28992,458.19,493.51,4.3099e+05,711.13,2.7781e+05,1.1746e+05,8826.4,4760.9,46530,1056.3,2.2946e+05,2497.8,48.959,1.7767e+05,1.1136e+05,26.674,63936,5186.7,49729,9649,5313.1,23546,94084,1.8671e+05,370.71
1645.3,2.7772e+05,2992.6,7791.7,4.8558e+05,171.17,1821.1,1.3133e+05,27.377,6367.3,3.3882e+05,146.14,251.48,11184,1085,1.702e+05,153.02,191.44,3418.8,1.6753e+05,1.9015e+05,896.68,81891,2.0554e+05,95465,1.4576e+05,812.53,1.6129e+05,150.49,82087,1.4718e+05,2.0874e+05,1.2549e+05,39.518,48199,11927,20356,312.53,1952,58408,1325.7,2.2654e+05,14142,2041.2,49261,2544.9,46.317,39.361,2.9167e+05,1105.9,2.8783e+05,91975,9611.5,8823.5,11290,2813.8,93081,1901.7,4.299,1.387e+05,90932,12.501,34591,621.84,29524,6722.6,2273.8,7093.6,85756,1.5777e+05,64.692
614.17,1.233e+05,1013.1,2566.5,3.1933e+05,189.34,1700.6,36701,34.912,15368,2.285e+05,140.43,359.2,14061,337.44,71210,151.57,32.834,4994.9,1.0027e+05,2.0491e+05,137.96,49878,1.06e+05,88355,49700,246.62,1.0971e+05,86.793,80319,75945,1.3578e+05,1.5844e+05,22.193,27378,10452,10695,113.75,2018.9,52274,2168.3,1.2148e+05,8234.4,2171.2,51339,1549.4,217.53,191.1,2.1859e+05,59.659,1.8544e+05,46644,1061.7,3700.6,3421.9,4673.2,31284,310.51,20.486,85962,1.081e+05,17.866,24804,560.86,28846,543.53,980.19,6519.3,40531,1.0726e+05,50.105
273.28,89300,28.029,2967.8,2.21e+05,92.484,227.35,28714,596.61,5837.7,1.4773e+05,3162.5,433.95,18496,435.53,53657,85.77,24.825,4511.5,62053,1.6654e+05,129.22,22746,99466,1.0244e+05,73548,739.25,54981,115.04,52208,70394,99139,1.045e+05,24.225,15570,7960.3,4721.8,2843.9,1975.9,38886,269.55,1.3572e+05,3106.7,1806.8,29486,2086.9,2480.5,17.547,1.4384e+05,39.595,1.3081e+05,29093,3553.1,1140.2,3091.2,40156,94855,356.64,3.703,63699,34210,8.451,19458,1666.4,24153,605.07,3304.5,5281.9,56231,86865,35.674
274.78,49893,19.726,2736.2,1.6527e+05,107.65,256.83,34889,39.101,8479.2,1.2853e+05,804.93,314.39,4065.8,135.94,49189,138.12,81.385,2350.1,26498,64050,83.453,17602,77010,29960,22144,48.355,26783,119.99,37675,54623,93915,35213,18.426,4904.7,1441.6,6020.5,686.35,1517.8,33605,75.655,1.3151e+05,8261.8,639.88,16821,1004,3.299,58.754,97596,50.094,30121,15806,1392.2,599.43,4919,8972.2,26365,226.07,75.456,42428,15698,13.028,12800,932.26,15397,52.971,1806.5,2243.7,35441,38558,47.804
458.91,93008,24.906,2618.9,2.077e+05,136.46,2922.3,47042,21.266,2528.5,85897,104.42,366.32,1181.1,111.12,61636,194.41,24.49,2257.4,27629,61710,192.67,30240,1.0073e+05,45950,22986,23.11,33486,505.82,43452,55941,63112,38051,26.948,5779,3401.6,2827.8,64.166,390.36,77769,974,76177,877.18,1208.1,28713,3747.5,2.721,18.633,1.2479e+05,622.77,34544,25743,2959.7,693.13,4965.6,18990,34200,3744,3.649,38580,20049,9.262,21830,1434.9,21171,621.48,2609,9013.5,50427,42530,51.817
988.62,1.4157e+05,21.543,3683.1,3.3393e+05,316.68,709.64,1.0617e+05,180.89,25693,1.0981e+05,224.79,1346.9,3236.1,253.24,1.1621e+05,1199.6,150.26,3071.8,1.0381e+05,1.8393e+05,3988,35927,1.7314e+05,97014,89541,133.39,50274,885.74,71110,2.0735e+05,83625,78647,20.174,15543,1785.1,10794,99.931,424.45,2.1791e+05,2058.4,1.4669e+05,7017.1,459.96,54398,3442.6,205.08,10.621,2.0944e+05,446.62,82188,45222,3844.6,10255,21382,19632,68681,2835.5,21.787,65142,32271,9.934,47492,1887.2,67306,378.34,418.96,18756,89153,77347,42.174
1203.8,1.4672e+05,33.811,15069,4.7658e+05,1184.9,947.18,1.8574e+05,184.7,24775,1.6301e+05,1163.5,701.07,3063.8,1052.8,1.8326e+05,1867.7,240.32,1842.8,2.001e+05,1.9781e+05,2630.9,88819,3.2467e+05,1.786e+05,96731,122.01,99722,449.26,65036,3.7859e+05,1.5318e+05,1.0688e+05,119.25,27833,4709.9,17170,318.44,1174.2,3.4775e+05,312.11,3.2139e+05,1195.8,802.09,49182,10702,66.224,1159.8,2.6703e+05,1774.1,1.6165e+05,98408,2793.3,2019.2,35042,38381,1.2087e+05,724.92,13.481,1.1238e+05,44331,14.229,46753,3130.7,71567,1481.2,14671,17468,36097,79433,520.63
5789.9,1.9859e+05,1783.6,25150,6.735e+05,968.76,3917.5,3.1023e+05,59.502,48102,2.3018e+05,6411.1,1279,2797.9,2037.2,2.4509e+05,4162.2,14525,4004.2,3.1383e+05,1.6086e+05,2760.5,52755,3.7382e+05,1.6444e+05,1.4681e+05,157.22,1.3104e+05,1270.7,68151,5.0901e+05,1.6325e+05,1.8367e+05,2684.5,38108,4927.7,36767,677.44,7361.2,4.0597e+05,761.66,3.459e+05,4795.9,4782.7,97723,11562,3796.6,638.74,2.9946e+05,1911.4,1.1905e+05,1.5244e+05,3716.2,1330.3,35232,24224,1.0152e+05,2906.7,948.13,1.6231e+05,77034,23.188,58531,3137.4,1.2859e+05,9044.4,15288,30819,69195,95998,4095.6
2176.2,2.7001e+05,3858.9,40583,8.1515e+05,1353.8,2759.4,3.7912e+05,679.89,50589,3.1427e+05,9597.2,3187,7137.5,2207.2,1.9517e+05,1795.3,14933,7810.8,4.891e+05,1.8599e+05,3795.3,80550,4.4525e+05,1.821e+05,1.8286e+05,65.675,1.7606e+05,1503.6,92632,5.3914e+05,2.3623e+05,2.4045e+05,1971.7,44970,11433,36899,1991,30994,4.9088e+05,6316.7,4.1687e+05,15260,5595.4,1.027e+05,4933.2,1431.4,1214.5,3.4133e+05,8613.6,1.8999e+05,1.0266e+05,5761.7,8945.8,25228,36230,1.0934e+05,1986.6,819.1,1.548e+05,1.246e+05,272.34,81362,13763,2.139e+05,4875.7,14132,42011,88139,1.1776e+05,7589.1
4733.2,3.1675e+05,10131,1.1176e+05,8.3463e+05,445,1178,3.8773e+05,729.7,53491,3.0694e+05,1595.2,5170.5,4084,1177.4,2.2396e+05,2060.6,29491,11476,5.6456e+05,2.1169e+05,4448.8,87013,4.0072e+05,1.6425e+05,2.0458e+05,110.65,2.0188e+05,2876.3,87922,7.2595e+05,2.7201e+05,2.9482e+05,2953.1,51516,16152,46599,768.26,40941,4.907e+05,5912.9,4.4817e+05,8256.5,13267,1.1152e+05,7998.2,687.22,553.22,3.886e+05,11284,1.6881e+05,1.4005e+05,9884.4,6510.8,33417,14026,1.4395e+05,7969.6,2398.3,2.1622e+05,1.0863e+05,358.72,1.0315e+05,10443,2.4418e+05,3222.4,17250,80455,82274,1.5985e+05,3818.8
2609.7,3.053e+05,8100,82220,7.8686e+05,1035.3,1685.5,3.4285e+05,574.82,78138,3.5746e+05,5857.7,2933.1,7820.2,1228.7,2.2777e+05,2248.8,62691,4972.1,6.269e+05,2.4545e+05,5780.9,68308,4.4587e+05,1.306e+05,2.676e+05,583.22,1.9205e+05,1051,1.252e+05,6.6575e+05,2.8281e+05,3.2382e+05,2521,50297,11578,33622,622,9545.4,3.6931e+05,4062.4,4.1171e+05,6608.9,5140,1.4994e+05,9652.7,944.29,9818.7,3.1391e+05,24773,1.9092e+05,1.3331e+05,3519.5,3675.6,27002,1548.6,1.3043e+05,4556.1,1943.6,1.8726e+05,1.5005e+05,1141.4,1.2605e+05,4994.5,2.1813e+05,458.63,46105,73826,74805,2.432e+05,6566.1
1575.1,3.4135e+05,48301,90332,8.3641e+05,635.66,935.54,3.6442e+05,1350.5,44559,3.5957e+05,2342.6,5301.4,3086.4,3348.4,1.7196e+05,2364.9,45411,10226,6.1493e+05,2.9254e+05,2189.1,1.0456e+05,5.0042e+05,1.7986e+05,2.6912e+05,5332.3,1.9909e+05,2697.7,1.2344e+05,8.0023e+05,3.2474e+05,3.4963e+05,15341,56342,8340.2,29577,314.32,3246.9,3.8632e+05,6150.7,3.6701e+05,9860,7401.8,1.7058e+05,11083,2219.1,1725.2,3.5521e+05,4942.8,2.0857e+05,1.5024e+05,1200.1,7118.7,22800,1479.6,1.3149e+05,1319.9,352.56,2.3094e+05,1.4241e+05,223.19,1.0149e+05,2976.2,2.5826e+05,1158.8,64625,78347,94826,1.9324e+05,2831.6
1599.3,3.4524e+05,20838,87516,8.8467e+05,1078.2,8258.1,4.1903e+05,2390.6,62221,3.1926e+05,448.31,1884.7,8641.8,2465.1,1.95e+05,3426.6,18211,7772.4,7.2838e+05,2.0646e+05,14337,89814,4.9046e+05,1.5168e+05,2.2579e+05,377.8,2.0261e+05,1730,1.1893e+05,8.5696e+05,3.0106e+05,3.4539e+05,24893,62616,23709,43934,3046.7,5347.7,3.5732e+05,11112,4.8796e+05,6113.5,11799,1.1242e+05,13057,362.39,100.06,3.7705e+05,2008.6,2.1894e+05,1.9647e+05,1548.2,1278.1,30966,9771.5,1.3854e+05,4771.4,655.19,2.7753e+05,1.4441e+05,113.19,1.3144e+05,8021.9,2.3857e+05,1801.3,85014,72448,1.2021e+05,1.6951e+05,4857.4
2096.3,3.5888e+05,23271,85812,9.0724e+05,771.48,2590.9,3.982e+05,2701.3,83216,3.5576e+05,1059.6,2805.6,4870.9,1038.1,2.0133e+05,1227.4,35750,6685.2,6.8162e+05,2.1855e+05,6322.9,84036,4.3603e+05,1.8477e+05,2.743e+05,1491.4,2.3585e+05,5668.1,1.0859e+05,7.7441e+05,2.6168e+05,3.6064e+05,27434,51832,16449,54672,3307.2,4787.1,3.0798e+05,6961.4,4.3055e+05,8760.1,8587.8,1.3757e+05,22873,1159.3,610.22,3.5766e+05,6489.9,1.8044e+05,1.6194e+05,1088.7,5525.3,28596,15632,1.576e+05,5273.6,2998.6,2.3926e+05,1.4258e+05,98.154,1.0268e+05,4796,1.8404e+05,8791.2,51752,83865,81165,2.1321e+05,10712
941.89,3.6884e+05,14417,1.2583e+05,9.8013e+05,512.46,18355,3.5706e+05,2433.9,56818,3.3698e+05,1693.3,1759.6,2355.4,1541.5,1.4424e+05,3422.9,34359,10502,7.8648e+05,2.0914e+05,10484,78939,4.6952e+05,1.8145e+05,2.8489e+05,2954.7,2.6904e+05,1160.7,1.4605e+05,8.7973e+05,2.8949e+05,3.9638e+05,17392,54283,22994,59184,9595.4,1697,3.8077e+05,6661.7,3.547e+05,19861,10229,1.5074e+05,24621,22196,161.97,3.8474e+05,8517.7,1.9469e+05,1.2558e+05,2293.6,1717.2,43865,20088,1.5544e+05,2509.8,4679,2.6869e+05,1.497e+05,57.063,1.4286e+05,11428,1.799e+05,2370.1,22160,90262,95656,2.3124e+05,5679.2
2569.2,3.1578e+05,20697,1.0778e+05,8.6168e+05,2260.8,1852,3.6975e+05,6479.1,79552,4.6789e+05,200.84,1534.1,8166.5,1067.9,1.4766e+05,2565,29191,6395.1,8.9884e+05,2.1672e+05,8990.8,94737,4.9435e+05,2.2498e+05,3.134e+05,2661.3,2.1031e+05,3461.6,1.2438e+05,6.9628e+05,2.941e+05,4.2171e+05,15257,70217,16989,41769,2244.1,13147,2.9636e+05,5971.2,4.9373e+05,2232.8,20994,1.4553e+05,37292,26482,4503.7,3.4881e+05,5291.3,2.2325e+05,1.2166e+05,2177,3237.4,44836,34871,1.8333e+05,632.74,1618.5,2.3006e+05,1.704e+05,13.417,1.1646e+05,3713.7,1.6528e+05,633.53,11511,1.0287e+05,99517,1.4499e+05,9194.7
1381.2,4.2517e+05,20459,1.2163e+05,8.4773e+05,264.49,6620.4,3.052e+05,1431.8,55224,4.4884e+05,1043.1,3919.7,7988.3,4094.6,2.0908e+05,5059.5,38966,6424.4,9.0828e+05,2.7555e+05,16572,99937,5.5564e+05,2.0312e+05,2.4744e+05,1443.4,3.2207e+05,7428.8,1.9901e+05,5.9697e+05,2.8287e+05,3.4866e+05,13668,86097,27931,46873,4094.2,7227.8,1.8417e+05,5731.9,4.9529e+05,7948.2,11000,1.4578e+05,31831,1469.1,704.78,4.7637e+05,2167.9,3.39e+05,1.3539e+05,845.93,4959.5,36319,2604.6,1.6729e+05,1858.3,1293.4,2.5768e+05,1.4632e+05,11.106,1.0763e+05,18238,1.2699e+05,284.38,21583,98658,1.1269e+05,1.8951e+05,5217.3
2602.4,4.5388e+05,21806,1.2503e+05,7.7233e+05,1420.4,3495.7,2.565e+05,7343.2,36218,4.0409e+05,4261.5,2028.8,9505.9,2947.8,2.4448e+05,6895.7,23252,14914,8.2756e+05,2.7756e+05,21764,88502,5.6576e+05,1.7666e+05,2.9403e+05,924.94,2.5633e+05,2114.7,1.4714e+05,3.4936e+05,3.0702e+05,3.3451e+05,9121.9,48626,14633,41688,3204.5,6290.7,1.8774e+05,4721.1,4.5582e+05,5772,10587,1.5179e+05,18943,103.18,581.28,4.0372e+05,1492.2,3.173e+05,1.6909e+05,3808.4,5639.9,56323,1047.6,1.5298e+05,5005.5,859.61,2.3879e+05,1.3156e+05,43.723,1.3546e+05,2581.5,1.0007e+05,2043.4,30007,1.0817e+05,1.0159e+05,1.834e+05,6853.5
2037.7,4.8274e+05,37788,1.1438e+05,7.6651e+05,5187.6,1285.3,1.9989e+05,2850.1,33381,2.5914e+05,1565.4,4946.9,15905,1212.1,2.4155e+05,2107.3,27450,10953,8.3668e+05,2.6003e+05,11708,80309,5.5161e+05,1.6332e+05,2.8124e+05,620.29,1.9847e+05,3098.3,1.3064e+05,3.6311e+05,3.5883e+05,2.9012e+05,16492,51058,9966.5,41812,4713.6,2906.3,1.5563e+05,2648.2,3.6105e+05,16879,12164,1.597e+05,35935,49.237,898.64,4.9287e+05,2665.3,2.5812e+05,1.3879e+05,2135.3,3873.6,51362,16564,1.5067e+05,4786.3,1767,2.672e+05,1.2925e+05,434.24,1.1422e+05,17121,1.544e+05,818.74,42390,83364,72644,2.4635e+05,3115
1644.9,5.1194e+05,28509,88272,7.0277e+05,1624,5829.6,1.6626e+05,1703.7,30779,2.984e+05,2632.3,7234.4,14193,1143.3,2.5922e+05,7397.7,19997,14588,7.9788e+05,2.7883e+05,13840,89013,4.9202e+05,2.2869e+05,2.929e+05,556.22,1.669e+05,3369.2,1.5108e+05,3.118e+05,3.1129e+05,3.1516e+05,10721,50813,19179,59930,8066.7,8961.7,1.722e+05,1928.3,3.6072e+05,19276,14113,1.4672e+05,69863,286.92,350.52,4.2305e+05,2494.6,1.9208e+05,1.2673e+05,978.84,8527.1,58112,13321,1.447e+05,2471.8,2150.1,2.6253e+05,1.4058e+05,44.026,1.3445e+05,5373.3,1.4394e+05,3340.1,37152,69935,1.0203e+05,2.3878e+05,2511.1
3260.2,4.8275e+05,20871,1.1451e+05,6.9777e+05,2351.9,1516.8,2.1034e+05,1428.6,34844,2.7662e+05,1304.5,1661.2,8458.8,2420.8,2.4262e+05,2413,13862,19660,7.1719e+05,2.8765e+05,13400,1.4821e+05,4.9271e+05,2.1801e+05,2.1562e+05,2147.2,1.9044e+05,3704.8,97315,2.9424e+05,3.1055e+05,2.8543e+05,5758.1,65919,22427,35768,8658.5,7107.8,1.6606e+05,1553.6,3.729e+05,9440.1,9910.9,1.0824e+05,43499,75.51,1010.3,3.5929e+05,884.2,2.0544e+05,1.249e+05,5293.6,4994.7,35010,2361.3,1.5419e+05,7650.3,545.99,2.3372e+05,1.2533e+05,336.06,1.2556e+05,4707.6,1.141e+05,2472.4,25189,62491,1.1766e+05,1.9438e+05,568.68
1909.2,4.6001e+05,20813,31692,7.1387e+05,234.13,2231.3,2.0101e+05,2054,15786,2.9307e+05,1020.2,2574.4,5723.2,2746.5,3.0701e+05,7783.2,3597.2,8306.2,5.0777e+05,3.1929e+05,7874.7,1.7789e+05,4.5895e+05,2.4314e+05,1.8273e+05,3638.8,2.1436e+05,6406.9,1.2135e+05,3.4074e+05,3.1037e+05,2.658e+05,3182,93567,21221,71646,8990.5,8729.3,1.7543e+05,2022.4,3.0544e+05,22105,4674.6,1.5556e+05,36534,271.62,164.29,3.7001e+05,4639.7,2.0227e+05,1.7041e+05,2280.4,5291.6,25589,2190.4,2.0515e+05,3582,573.97,2.0573e+05,1.3413e+05,177.98,1.4555e+05,3727.6,1.3564e+05,1624.7,15755,54854,1.088e+05,1.7874e+05,205.55
6076.6,4.0615e+05,15064,11110,6.8475e+05,235.93,435.28,1.787e+05,3548.6,23886,2.3485e+05,589.89,2893.2,14730,637.19,3.1103e+05,1949.7,1784.5,12878,3.3302e+05,2.4482e+05,3426.8,1.2201e+05,4.9123e+05,2.5992e+05,2.2748e+05,663.72,1.948e+05,282.25,1.3572e+05,2.0788e+05,3.3373e+05,2.2116e+05,200.5,1.2325e+05,18616,51176,5140.9,15234,1.965e+05,258.92,3.6355e+05,9891.7,5226.9,1.8509e+05,21895,610.93,262.46,3.9245e+05,1249.6,1.9429e+05,1.6385e+05,2587.3,30379,27419,1779.4,1.8496e+05,2379,1633.1,2.1189e+05,1.3686e+05,414.16,1.2251e+05,11910,1.0104e+05,163.63,11057,46986,1.3955e+05,1.8582e+05,178.41
2156.6,3.081e+05,3493.5,8817.1,6.1045e+05,90.431,6800.9,85363,223.25,14928,2.2905e+05,500.64,505.65,1411,135.82,1.7321e+05,1246.7,2489.9,13189,2.523e+05,2.0373e+05,3360.4,97083,3.8758e+05,1.1408e+05,1.2287e+05,757.75,1.3522e+05,506.53,75682,2.1287e+05,2.6142e+05,2.2089e+05,817.02,70620,8053.2,21774,3284.1,5553.1,1.2861e+05,312.33,2.7729e+05,13977,4849.1,1.3347e+05,4660.5,4134.6,285.95,3.2685e+05,504.07,1.3977e+05,1.0159e+05,5121.3,4277,11771,3329.8,1.2194e+05,765.77,8.346,1.9242e+05,84312,56.16,1.3764e+05,19317,54736,800.74,3145.5,57729,1.4345e+05,1.7654e+05,55.969
574.49,2.3637e+05,7098.4,35435,3.5209e+05,114.61,5606,78156,982.86,17924,1.7185e+05,326.97,514.75,12249,95.322,1.0594e+05,478.64,2872.8,3498.2,1.6112e+05,1.3831e+05,430.49,54027,2.7161e+05,79559,61883,59.573,1.2873e+05,709.46,59679,1.6117e+05,2.9295e+05,1.5003e+05,17.64,65928,3080.6,5589.8,607.49,4847.7,62313,3109.9,2.1208e+05,7229.6,812.38,86771,2558.1,2217.4,47.842,3.3386e+05,228.55,1.1054e+05,1.0021e+05,967.36,1510.5,5129,3649.3,88934,425.57,0.948,1.1033e+05,37275,33.381,91773,431.87,55704,86.551,310.4,16405,1.046e+05,1.1534e+05,44.545
274.64,1.4854e+05,345.99,1926.4,2.763e+05,113.11,439.38,38599,1749.1,10777,1.4022e+05,466.89,140.47,9133.4,516.79,1.2626e+05,437.14,4119.8,3533.6,1.1297e+05,71964,67.447,28063,1.1841e+05,56052,72985,51.04,1.1014e+05,792.4,46445,72901,2.6593e+05,1.0052e+05,17.231,18228,4753.5,1953.2,275.8,287.6,1.2492e+05,449.39,1.8629e+05,5107.5,13684,63995,3400.6,1187.6,104.99,2.0329e+05,33.06,72298,37018,1059.6,566.52,4257.3,22883,45746,334.08,1.299,89461,33140,21.951,50076,352.34,18820,67.799,323.37,4296.1,85393,1.1786e+05,38.858
214.24,81192,107.17,3619.3,2.0259e+05,135.45,240.01,32698,1110,21802,1.164e+05,372.97,492.8,27771,88.629,1.1974e+05,170.3,3163.7,2555,28752,37160,59.461,19086,1.0529e+05,44720,18046,20.85,1.0065e+05,116.72,32022,69168,1.7591e+05,47661,151.44,15491,1342,3812.8,352.94,296.73,94486,115.51,1.5015e+05,11594,917.55,33152,3759.5,2.432,76.315,1.6828e+05,32.396,98209,29917,1532.9,1715.8,4127.1,9146.7,23444,364.48,8.514,39285,12835,39.06,73766,195.12,21264,20.479,3604.8,3000.5,49504,77516,38.597
211.73,73454,20.926,2564.9,2.2915e+05,199.62,1303.8,27110,4532.2,8854.8,1.0796e+05,82.574,179.71,6661.2,75.52,20863,112.79,1955,3417.2,29241,78105,1001.5,15592,77907,35802,25942,27.545,1.1921e+05,1010,19347,48332,64848,81562,2096.7,24716,678.51,2745.8,180.05,1732.9,19885,976.17,1.5465e+05,4583.8,5377.5,16900,1680.7,4.528,46.296,1.3101e+05,88.943,67549,25238,70.719,854.26,9743.6,6665,16341,297.05,8.273,22623,10465,36.579,80741,370.17,27853,25.828,255.94,4779,82298,66398,50.59
344.93,48998,35.162,2307.7,1.3619e+05,162.93,1784.7,62896,32.42,15708,1.1731e+05,138.1,179.23,3293.2,151.7,55156,262.86,1567.6,7634.4,38252,51538,545.41,30088,1.3781e+05,73894,26472,17.08,64366,533.38,27660,64676,69253,58998,1428.3,32065,3115.8,6841.3,244.93,2907.7,36094,232.09,1.2364e+05,2379,4752.4,19871,1312.9,4.383,24.321,1.1214e+05,57.355,94959,35105,3459.7,5946.1,2969.4,14544,36478,454.08,8.936,23390,18715,19.25,85681,334.15,31849,35.648,173.82,9267.7,42907,45308,35.668
750.23,1.6762e+05,63.412,4929.3,2.6081e+05,225.36,642.51,1.2367e+05,99.795,20250,1.555e+05,11674,946.29,1840.9,778.92,1.3726e+05,2672.1,2794.6,6117.8,97480,1.1748e+05,523.09,51298,2.4255e+05,1.9939e+05,55742,20.276,82770,1835.8,40971,1.8385e+05,1.1966e+05,59537,37.008,26246,4739.6,16226,240.51,2253.4,2.3536e+05,4113.9,1.8172e+05,4089.2,6777.8,28739,11780,5.395,240.09,1.7366e+05,365.51,1.272e+05,44066,494.14,10834,6552.1,19613,82113,644.32,11.553,42103,35010,24.374,32106,4482.7,22981,717.81,1073.4,19950,49659,45248,210.81
987.11,2.2262e+05,1228.7,14858,5.0235e+05,436.71,1031.5,2.1705e+05,642.83,32172,1.9344e+05,654.67,6833.4,3271.6,3398.5,1.7744e+05,5720.7,3175.4,4857.2,1.5603e+05,1.4426e+05,868.33,1.0276e+05,2.8949e+05,1.4638e+05,1.1102e+05,1550,1.4571e+05,2771.6,82254,3.3285e+05,1.5034e+05,1.5596e+05,542.12,33072,8832.1,47567,427.04,1258.9,3.2297e+05,1097.5,2.7504e+05,1788.2,14588,42663,11138,620.45,255.85,2.9633e+05,808.4,1.778e+05,83761,699.54,6596.8,23330,28150,87147,2113.4,55.83,1.1412e+05,45395,198.38,54526,7941.7,93920,359.99,1081.9,25113,99447,56657,371.28
2274.1,2.1732e+05,826.89,22773,7.8455e+05,2026,2627.1,3.3494e+05,1639.7,51892,2.5028e+05,1318.2,3247.2,9070.1,400.43,2.1882e+05,3215,10158,12724,2.5512e+05,1.6399e+05,1927.8,80126,3.491e+05,1.2992e+05,1.4491e+05,2364.6,1.4395e+05,6651,1.1853e+05,5.4218e+05,2.0732e+05,1.6481e+05,944.52,41462,10403,95421,896.53,2383.6,4.7727e+05,1640.3,3.7356e+05,5322.3,12947,79081,8578.7,13254,317.07,3.1903e+05,3065.5,1.6339e+05,97162,2175.2,2368.1,39342,25118,1.1413e+05,768.63,76.142,1.1982e+05,63311,788.23,91045,12958,1.0366e+05,250.24,5259.1,34043,78157,1.2398e+05,2614.8
7806.8,2.7471e+05,10080,39367,9.5206e+05,3168.9,2243.1,3.6716e+05,6355.2,86001,2.5183e+05,317.77,2655.4,10800,1616.1,2.2013e+05,3546,9658,7900.5,4.2613e+05,1.7884e+05,4718,64534,4.0469e+05,1.6415e+05,2.865e+05,2780,1.4719e+05,1452.2,79415,5.6066e+05,2.6221e+05,1.932e+05,886.53,38758,5581.7,48386,1361,1920.2,6.3297e+05,4680.4,4.1616e+05,3548.8,5613.2,96524,11360,15096,469.17,3.005e+05,2001.1,1.5089e+05,91704,6427.9,3188,21359,14762,88019,247,797.33,1.9434e+05,80196,1729.2,76355,8808.9,1.5755e+05,304.59,15206,39383,82176,1.2596e+05,2294.4
12223,3.0238e+05,5773.9,1.1008e+05,9.6279e+05,5850,2117.7,4.3731e+05,19409,84909,3.1654e+05,2257.5,984.49,14443,1053,2.065e+05,6192.6,11762,8071.6,4.2073e+05,1.823e+05,2163.4,1.1658e+05,3.6543e+05,1.8644e+05,2.6112e+05,4737.9,1.816e+05,1487.2,92154,6.2899e+05,2.9332e+05,2.0103e+05,174.79,58443,10483,47838,863.01,6595.1,7.2519e+05,2896.5,2.7284e+05,6816.9,6416.4,1.0992e+05,9358.5,18458,711.85,2.5555e+05,1719.1,1.4676e+05,99628,429.09,4809.7,33645,9736.4,95246,2240.9,1135.8,1.6872e+05,87382,4589.2,76105,9936.6,2.107e+05,207.22,15163,38062,1.0317e+05,1.7615e+05,4230.2
4355.1,3.3255e+05,7228.3,73967,7.4756e+05,2561.2,5912.3,3.588e+05,3937.6,71772,3.1148e+05,1067.6,1798.9,3211.8,1189.6,1.8805e+05,3628.2,9852.4,16375,4.5968e+05,2.3187e+05,3789.7,1.0707e+05,4.06e+05,1.932e+05,1.9694e+05,5823.4,1.3352e+05,7870.2,1.3537e+05,4.9892e+05,2.683e+05,1.9008e+05,845.53,39976,16558,55598,1094.6,2643.6,5.5417e+05,1999.4,2.4613e+05,5815.8,7682.6,1.0241e+05,7655.9,8182.8,171.94,3.1168e+05,4239.7,1.8291e+05,1.2951e+05,4944.9,1376.4,31917,1357.9,1.263e+05,10884,673.6,1.7987e+05,91415,1964.1,89118,2725.2,2.1168e+05,2294.1,26967,50033,1.2919e+05,1.9081e+05,3221
2934.8,4.3709e+05,9979.5,72354,7.7587e+05,1247.4,7152.9,4.2488e+05,1528.9,59037,3.2312e+05,540.89,6515,6886.7,1332.7,2.0062e+05,5016.3,16883,34271,5.5288e+05,2.6417e+05,2179.2,1.3663e+05,5.1561e+05,2.5837e+05,2.0668e+05,7344.2,1.7477e+05,945.7,1.1059e+05,6.4057e+05,3.0497e+05,2.0821e+05,4750.6,50032,17260,32067,2912.1,8090.4,4.7891e+05,2308.8,2.9008e+05,11894,9275.9,1.3814e+05,15015,6559.2,74.579,4.1506e+05,1886.7,2.7674e+05,1.7002e+05,6968.5,2605.5,33530,1923.8,1.5078e+05,1204.2,1597.9,1.8628e+05,1.3936e+05,921.7,1.073e+05,8248.1,1.4208e+05,160.84,34973,46917,96944,2.2071e+05,1359
2511.1,3.6745e+05,9434.2,71549,8.3481e+05,1752.2,694.35,3.7892e+05,2368.2,71631,3.3377e+05,518.28,6699.2,5145.7,6444.2,1.806e+05,1828.6,12047,28628,5.3697e+05,2.4358e+05,6043.2,94302,4.0696e+05,1.9069e+05,2.6795e+05,4762.7,1.7681e+05,1627.9,1.1748e+05,6.1213e+05,2.6512e+05,1.9161e+05,16561,51155,5073.9,22293,3129.2,8486,4.3226e+05,2922.4,2.7794e+05,14832,8299.4,1.5462e+05,14561,3783.6,286.87,3.3817e+05,4840.2,2.5671e+05,1.7392e+05,3543.4,702.35,22816,5568.4,1.2934e+05,1078,1292.8,1.6711e+05,1.2256e+05,2606.7,1.1113e+05,6416.5,1.711e+05,518.64,15850,56905,1.08e+05,1.5604e+05,4027.7
1924,3.0862e+05,10589,81615,8.0034e+05,1567.6,457.11,3.0512e+05,6926.9,53477,3.057e+05,703.42,544.84,8489.6,1385.4,2.2035e+05,1248,21165,5390.8,5.5119e+05,2.2373e+05,13983,93230,4.3644e+05,1.4163e+05,2.2644e+05,4658.7,1.8431e+05,3253,1.0892e+05,6.1493e+05,3.7483e+05,2.3834e+05,1692.5,46850,24485,29242,624.38,6093.8,3.5107e+05,1111.1,3.1743e+05,5471.6,8187.5,1.3463e+05,17444,12186,1252.2,3.2453e+05,2208.5,2.3169e+05,1.3271e+05,4618.3,1290.9,16843,8303.1,1.2674e+05,1769.9,3613.6,2.0111e+05,1.0467e+05,553.73,76836,3909.2,1.1793e+05,50.865,19971,51942,96484,1.7513e+05,8959.7
9400.7,3.694e+05,14770,90666,7.7722e+05,801.63,822.93,3.0073e+05,23018,40152,3.0614e+05,420.49,1219.5,5489,1667,1.6162e+05,1475.9,23042,5139.3,6.1869e+05,2.6956e+05,5266.6,1.0178e+05,4.0955e+05,1.5067e+05,2.656e+05,2338,1.5678e+05,3163.2,1.2502e+05,6.1092e+05,3.7367e+05,2.7942e+05,5304.1,38501,18438,39745,1094.8,3432.3,2.79e+05,2887.2,3.1803e+05,2136,7295.8,1.1843e+05,7781.9,8808.9,267.88,3.4411e+05,1685.5,1.5705e+05,96262,5197,2283.9,26800,19342,1.6344e+05,140.42,2980.2,2.0497e+05,1.1744e+05,459.04,71089,5306.3,1.4486e+05,4797.3,9772.1,69721,79674,1.7138e+05,10466
5831.4,3.596e+05,22513,79850,6.9192e+05,1146,4967.8,2.3758e+05,2926.3,46939,2.7297e+05,1962.9,397.78,7502.3,615.71,1.8093e+05,7009.9,13791,16176,6.2248e+05,2.3588e+05,9914.8,89264,4.2754e+05,1.5031e+05,2.257e+05,2104.4,1.7549e+05,3281.1,83710,6.472e+05,2.7133e+05,2.1934e+05,2235.6,46731,19855,52266,804.76,7884.9,2.4326e+05,1041,2.8674e+05,3435.5,8531.5,1.4324e+05,13277,6834.3,810.79,3.5351e+05,5432.2,1.9956e+05,1.3196e+05,694.06,1643.6,35621,7339.9,1.2986e+05,1076.5,652.22,2.1003e+05,1.2981e+05,1102.6,98886,2838.3,1.2699e+05,206.58,7909.5,70634,95243,2.078e+05,4962.4
10651,4.9033e+05,13377,86685,7.5587e+05,598.83,2786.3,2.7235e+05,398.15,50855,2.9395e+05,1306.7,3882.4,7434.3,1714.2,1.8947e+05,4357.9,11469,22035,6.5103e+05,3.0578e+05,4120.9,1.0219e+05,4.6444e+05,1.7745e+05,2.7507e+05,1512.7,1.9851e+05,5569.1,1.0997e+05,4.1898e+05,2.7177e+05,2.5312e+05,1348.8,60356,22168,43255,1014.5,7193.2,1.6849e+05,9529.1,3.6909e+05,4254.1,6665.6,1.3319e+05,18855,6186.1,328.1,3.134e+05,6253.2,2.1906e+05,1.5737e+05,6848.6,1299.8,45290,3461.3,1.4758e+05,1254.3,1059.6,2.5421e+05,1.5551e+05,1297.4,1.0348e+05,5024.4,1.0581e+05,574.41,33610,75103,97083,1.6193e+05,2773.1
8742.5,4.5281e+05,11812,91697,7.5852e+05,636.48,785.73,2.1696e+05,527.04,63145,2.6307e+05,2374.1,3047.4,10898,2609.5,2.0349e+05,3787.4,14199,12261,6.5782e+05,2.9031e+05,10593,90054,5.6234e+05,2.2607e+05,2.1739e+05,16107,1.8807e+05,1475.6,94461,3.2983e+05,2.8044e+05,2.9565e+05,3017.7,45446,20138,29184,3403,6521.9,1.5807e+05,5843.8,3.3607e+05,7884.5,9960.1,1.1741e+05,18725,4299.4,3756.9,3.6205e+05,1382,2.2638e+05,1.8779e+05,578.51,3232.1,41311,1099.8,1.8145e+05,3185.9,727.92,2.0242e+05,1.0917e+05,163.31,1.073e+05,7030.9,1.4177e+05,1867.4,44723,75909,1.3495e+05,2.1205e+05,1022.4
5897,4.4159e+05,23409,1.1333e+05,8.049e+05,709.83,2782.1,1.9179e+05,3790.3,96828,2.4934e+05,785.76,13208,2859.7,1416.6,2.7689e+05,5864.4,18135,10969,6.6631e+05,3.2224e+05,12833,1.1494e+05,4.9624e+05,2.7489e+05,2.7057e+05,53067,2.2001e+05,4375.7,1.4888e+05,3.1773e+05,3.2651e+05,2.9761e+05,15764,56292,21746,25450,9052.8,6387.6,1.7693e+05,1431.8,3.5734e+05,11997,14356,1.2836e+05,18561,1992.3,1135.9,4.1462e+05,4912.6,2.7081e+05,1.7671e+05,1127.3,3320.5,30930,2428.5,1.9358e+05,30254,1146,2.258e+05,1.0641e+05,19.606,1.3311e+05,13924,1.4516e+05,371.68,62085,78116,1.0671e+05,2.1102e+05,2506
10092,5.0433e+05,30141,83142,7.1141e+05,1400.9,1948.8,2.0301e+05,1582.4,30198,2.4339e+05,750.51,21881,1099.2,1147.5,2.7801e+05,4708.3,15606,17680,6.0518e+05,2.7523e+05,10096,1.3078e+05,4.8281e+05,2.9482e+05,2.1923e+05,2404.3,1.8237e+05,3402.9,1.1641e+05,2.9214e+05,2.9668e+05,2.5367e+05,10086,58032,17088,0,14212,11199,1.6153e+05,3427.2,3.7444e+05,16186,16689,1.3802e+05,20781,2217.8,561.73,4.7227e+05,5788.4,2.6286e+05,1.4324e+05,432.41,4484.4,38102,2440,1.2834e+05,7209.7,884.57,2.2548e+05,1.2558e+05,7.659,1.3561e+05,4769.5,1.4267e+05,118.25,47878,62249,1.4062e+05,2.0163e+05,1125.9
382.34,5.0751e+05,15318,85194,7.5249e+05,871.39,1404.8,2.5032e+05,1217.5,36579,2.8247e+05,2988.9,1796.4,2764.8,1296.6,3.0105e+05,2468.9,9651.2,60305,5.1699e+05,2.661e+05,8363.1,1.2564e+05,4.9539e+05,2.4129e+05,1.9909e+05,507.8,1.8973e+05,2062.7,1.3932e+05,2.6952e+05,2.629e+05,2.753e+05,6073.4,54686,12295,0,5726.5,8549.7,1.6874e+05,790.79,4.161e+05,9989.7,5714.7,1.1627e+05,22837,349.08,271.28,4.1383e+05,1628,2.3186e+05,1.7182e+05,935.85,5232.2,45941,2776.3,1.7522e+05,3196.9,148.53,2.0528e+05,1.1613e+05,89.764,1.1182e+05,8177.4,1.4498e+05,302.73,23325,49473,1.2756e+05,2.0395e+05,358.87
1472.2,4.7282e+05,13067,23914,6.7398e+05,11001,1009.4,2.2539e+05,3526.4,15842,3.8934e+05,3628.7,2603.4,7288,1509.7,2.6894e+05,1854.9,7561.2,38096,3.517e+05,2.7716e+05,7726,1.9287e+05,4.7005e+05,1.8651e+05,1.8462e+05,991.86,1.7049e+05,2922.7,1.5893e+05,2.4925e+05,3.5202e+05,2.5379e+05,3845.7,50711,19179,0,7461.5,9961.3,1.7367e+05,4186.2,3.9249e+05,5674.4,5601.3,1.2706e+05,30239,2759.9,363.21,4.6349e+05,411.45,2.3567e+05,1.4243e+05,1022.8,5053.5,33386,852.2,1.7702e+05,5000.5,179.21,2.5315e+05,89170,9.827,98769,901.83,82148,137.98,9219.8,49574,1.2408e+05,1.6892e+05,462.51
6137.1,5.1082e+05,12049,14277,6.6694e+05,2531.6,1993,1.4711e+05,6038.9,27568,3.2749e+05,8085.8,1097.5,5891.8,1652.8,2.2432e+05,406.2,4819.4,38878,2.7959e+05,2.839e+05,1797.3,1.4589e+05,5.5049e+05,2.1611e+05,1.3903e+05,22896,1.8059e+05,48.525,1.3392e+05,2.3889e+05,2.9901e+05,2.6048e+05,2710.1,52377,9116.3,0,404.24,5372.6,1.6884e+05,947.82,2.6083e+05,7430.2,126.62,1.3739e+05,24186,409.47,284.55,3.5096e+05,996.92,1.8434e+05,1.4172e+05,1176.2,4091.8,49031,442.18,2.2365e+05,1497.1,55.784,1.8329e+05,69182,2.874,1.2185e+05,1115.7,48106,244.28,7528.6,29011,1.5409e+05,2.4246e+05,1563.3
2053.9,3.692e+05,10947,15254,5.7506e+05,37.351,750.34,57832,1418,15194,2.5292e+05,2108.3,295.39,3391.6,163.6,1.4041e+05,770.61,596.74,29631,1.3956e+05,1.905e+05,751.34,64752,2.9239e+05,1.35e+05,90523,7020.5,1.4666e+05,137.02,1.1919e+05,2.3632e+05,2.4705e+05,1.2325e+05,758.4,51056,7392,14399,2285.2,3519.3,65547,1610.1,2.9196e+05,7545,1983.5,1.0638e+05,15026,761.69,38.342,3.9151e+05,1858.2,1.2818e+05,65411,720.54,1227.7,1646.6,5661,1.7792e+05,2025.7,18.535,1.0301e+05,81035,34.045,1.063e+05,1987.2,45911,356.16,11563,27855,69101,1.9661e+05,42.118
656.38,1.6279e+05,1034.6,6154.2,4.9622e+05,49.687,354.13,60108,1297.8,26181,2.8367e+05,218.56,201.13,12347,282.05,1.3185e+05,3009,172.5,2223.7,98911,1.7919e+05,2782.3,38817,2.7652e+05,1.3499e+05,58103,27.631,95268,249.47,1.0792e+05,1.9958e+05,1.9344e+05,1.0122e+05,60.469,23930,4343.7,7233.7,424.2,7492.5,38728,190.37,2.0231e+05,2993.3,14111,70302,7794.3,102.98,22.852,2.6738e+05,129.78,71093,54135,442.8,3783.7,7630.6,2079.7,1.9802e+05,582.47,3.221,79019,71156,11.329,56160,3016.9,36219,257.31,3675.6,13122,1.0384e+05,1.3041e+05,324.12
283.09,1.8197e+05,486.79,6145.5,4.1745e+05,45.957,908.49,34481,234.21,13810,1.6121e+05,405.82,109.82,5696.4,328.94,69540,843.37,85.676,2845.1,40131,1.3666e+05,273.29,11116,1.5883e+05,83952,27208,254.55,65149,631.85,60151,1.3268e+05,1.1529e+05,1.1122e+05,30.516,13074,7402.6,5660.5,47.459,4673,55783,177.81,1.7297e+05,1188,788.42,79111,2227.2,54.314,32.147,2.736e+05,196.52,53234,72056,710.76,2698.3,23800,17770,55453,1592.7,0.49,35884,8560.8,8.67,16101,3769.5,22076,3276.2,1430.7,9054,83900,97432,51.602
570.48,1.4291e+05,42.482,1882,2.6941e+05,42.628,227.07,28135,62.762,30513,1.1659e+05,63.453,105.17,3026.4,126.14,43760,189.66,50.508,1688.6,38421,71897,64.586,13333,1.027e+05,38498,15344,198.29,44307,1096.8,61991,55165,92686,68548,33.828,6793.6,1236.3,15590,74.838,1121.5,44984,85.387,74321,1110.7,2253.7,14865,1125.3,10.548,23.142,2.5082e+05,132.88,34961,36166,1612.7,5677.4,6665.3,44572,55811,224.98,0.851,1.2147e+05,5556.4,9.032,11326,55.115,17957,1839.1,4723,4893.9,69890,88854,38.564
806.73,66802,203.93,1097.7,1.1077e+05,50.664,145.09,23134,149.6,17970,42506,445.27,100.16,13124,84.748,25995,104.25,284.42,6730.4,24487,66926,316.5,41459,1.0722e+05,31764,27051,57.598,24565,268.04,35227,59485,72334,46238,33.274,8310.2,4482,16703,30.709,1182.3,24945,76.775,1.0844e+05,7913.2,1423.6,1.0655e+05,2436.2,3.611,20.687,1.0971e+05,204.69,39503,21983,224.33,643.7,5301.7,51704,64138,199.71,0.469,23862,13543,8.526,12633,86.576,12641,323.35,361.83,9114.8,72308,53640,50.105
615.96,1.1595e+05,95.557,10088,1.6768e+05,46.856,203.24,42203,19.226,3597.6,51903,468.05,758.42,4396.5,99.937,38961,201.96,93.41,5856.8,43128,38140,294.9,22336,2.035e+05,50683,27148,18.715,35224,113.76,44998,85281,67336,37304,40.617,18918,733.91,6623.6,51.851,3695.5,43262,63.647,1.0708e+05,566.98,409.82,25211,2624.3,3.322,27.138,1.0902e+05,9055,39947,28750,1144.6,2387.9,3250.3,27731,27731,1321.8,8.057,27458,22560,12.428,15696,483.63,25420,766.67,1759,5173.2,57431,69376,40.013
3618.3,2.6042e+05,346.75,6671.5,3.6098e+05,103.1,1303.2,1.8737e+05,23.008,17180,1.2457e+05,1415.9,814.72,10550,2953,1.0548e+05,1750.9,982.24,18835,70861,94280,1982,87033,2.9087e+05,1.2019e+05,62476,26.457,58480,337.38,50206,1.9837e+05,1.235e+05,77907,29.438,16630,2168,10471,44.877,6731.5,1.6625e+05,1401.2,1.7837e+05,180.25,7647.6,27530,3053.9,4.117,265.31,1.7192e+05,683.11,61064,80438,421.84,2312.5,9000.7,24305,82695,1959.1,87.954,32377,39973,9.176,30472,733.05,40030,762.59,1325.6,18808,67068,51161,114.15
1417.4,2.9154e+05,4983.5,10593,5.1689e+05,1363.9,1224.1,2.0439e+05,2328.5,34818,2.2286e+05,1782.5,2901.7,2546.9,1597.8,2.8426e+05,2994.1,2971,58123,1.5198e+05,1.4375e+05,1963.1,98392,2.9615e+05,1.1938e+05,1.0356e+05,778.4,1.589e+05,4145.8,99687,2.8804e+05,1.8593e+05,1.0042e+05,1962.8,21363,5761.5,24224,1010.8,1764.6,3.1591e+05,207.04,2.6376e+05,944.17,8800.4,64740,13083,1871.5,270.11,2.7148e+05,1934.1,88788,99913,2578.1,2331,13264,46829,1.896e+05,423.7,5.027,90617,83277,80.454,59795,3918.7,74440,180.66,11298,29406,78501,81360,1129.6
2065.4,2.7373e+05,2902.4,21318,6.1866e+05,674.08,1160,2.6297e+05,6082.1,39514,2.5262e+05,3033.4,3391.4,5407.4,757.15,2.5898e+05,3248.1,9482.2,14646,2.1998e+05,1.6344e+05,2646.6,76398,4.0291e+05,1.6092e+05,1.5038e+05,2723,1.2144e+05,3210.2,1.019e+05,4.5134e+05,1.8753e+05,1.4459e+05,3791.2,37994,12293,43567,616.17,5010.2,3.9965e+05,1704.1,3.1275e+05,2506.9,2552.3,75590,12024,20924,531.59,3.1757e+05,3008,1.1109e+05,1.1093e+05,3649.6,4345,19955,19823,1.1169e+05,1261.9,95.823,1.3554e+05,1.0253e+05,520.53,70366,6786.8,1.4583e+05,169.85,19546,40330,63768,1.0823e+05,653.68
4649.5,3.305e+05,18678,37356,8.4477e+05,4380.1,3270.1,3.6302e+05,4767.3,93609,2.8312e+05,367.74,1298.5,4662.7,330.58,2.7471e+05,4007.7,13832,12579,3.1641e+05,1.7798e+05,705.23,81166,3.6566e+05,1.9404e+05,2.3641e+05,3118.6,1.8552e+05,1355.2,1.0178e+05,5.9439e+05,2.3133e+05,2.4111e+05,8992.3,39016,26053,44685,508.26,763.47,6.6199e+05,1310.6,2.9543e+05,913.28,10528,85049,17122,23638,162.21,2.827e+05,5282.3,1.5528e+05,1.318e+05,3428.1,2662.5,17470,8961.4,1.0265e+05,661.87,1417.8,1.6579e+05,1.6371e+05,1511.4,69590,11235,1.5561e+05,1327.6,18511,46600,51527,1.0603e+05,1850.4
1857.4,3.0175e+05,8296.5,66795,8.098e+05,1773.5,4768.3,4.0921e+05,7476.6,69799,3.0594e+05,751.14,1781.7,7501.8,2260.9,2.5285e+05,2409.1,16792,7905.5,3.9596e+05,1.6791e+05,1244.5,1.352e+05,3.7995e+05,1.803e+05,1.8743e+05,4407.3,1.6417e+05,999.66,1.4147e+05,6.5521e+05,2.6749e+05,2.1852e+05,1925.6,53867,24877,31021,519.13,645.99,6.9668e+05,2845.9,3.4986e+05,390.17,12738,1.3499e+05,7826.3,8160.6,660.14,2.8329e+05,2262.1,2.2028e+05,1.1755e+05,1681.5,4630.5,28294,7317.8,1.0295e+05,182.91,1542.6,1.6903e+05,1.1981e+05,2144.4,72320,18756,1.7987e+05,35.166,30400,48755,90514,1.5798e+05,2167
4475.3,3.1315e+05,6021.8,66445,7.6366e+05,814.29,5175.1,4.1182e+05,1818.1,73989,2.614e+05,582.08,2912.4,8071.2,2718.9,2.1414e+05,2455.4,18860,14332,4.1903e+05,1.9791e+05,1613.2,1.05e+05,3.8844e+05,1.6521e+05,1.9446e+05,2473.9,1.393e+05,5744.8,97425,5.746e+05,2.7181e+05,1.7847e+05,3139.9,55202,20762,24311,1013.8,5231.8,5.3343e+05,2443.3,3.3353e+05,1067.4,11749,1.0364e+05,10464,10139,661.75,2.9093e+05,1847.9,2.409e+05,1.2281e+05,4430.8,5804.3,25621,1244.1,1.3557e+05,3099.8,1173.1,2.711e+05,96688,4048,81933,3237.5,1.5696e+05,96.82,32322,47925,68048,1.4063e+05,977.09
1776.5,3.6669e+05,10094,83690,8.0019e+05,1672.9,1607.7,3.3138e+05,4933.2,56456,3.1982e+05,222.52,2099,6746.9,4672,1.9581e+05,3771.8,11290,27755,5.3354e+05,2.6102e+05,1387.6,1.2921e+05,4.8193e+05,2.0311e+05,2.1495e+05,1981.3,1.8046e+05,1193.5,90713,5.3223e+05,3.1379e+05,1.7959e+05,7084.6,64885,10672,27525,1564.7,9210.8,4.2515e+05,7957.9,3.2972e+05,4196.9,12230,1.2674e+05,15232,1600.4,1200.4,3.6172e+05,571.23,2.4422e+05,2.1085e+05,2281,8699.5,23219,4311,1.5628e+05,4647,761.73,2.1856e+05,91406,1946.7,87521,12104,1.3034e+05,4098.4,41303,58245,1.317e+05,1.7068e+05,1396.1
5370,3.1196e+05,9447.8,83284,7.752e+05,1081.5,2134.4,2.7333e+05,3001.2,36577,2.7813e+05,275.35,1201.2,5224.4,4276.6,1.9923e+05,12992,12752,15214,4.7761e+05,1.7453e+05,5772.1,92771,4.302e+05,1.4186e+05,2.1862e+05,3311.3,1.7712e+05,1210.1,90278,5.4656e+05,2.9563e+05,2.2825e+05,5892,50816,10958,21933,1033.4,3107.5,3.1646e+05,2237.9,3.03e+05,848.75,13764,1.3406e+05,12702,3899.7,937.88,3.196e+05,792.6,1.8677e+05,1.0988e+05,1401,5777.5,23669,7199.1,1.3604e+05,1589.6,631.04,1.9699e+05,69746,782.5,70632,13751,1.1482e+05,117.71,53707,55525,1.1542e+05,1.5423e+05,3053.3
4411.9,2.5798e+05,16267,91405,7.6453e+05,789.16,1647.6,2.6157e+05,6226.5,53057,3.5204e+05,820.13,449.66,5850.5,534.07,1.9895e+05,1269.8,25154,8558.1,4.8834e+05,1.355e+05,3904.5,86369,4.0403e+05,1.548e+05,2.4925e+05,5669,1.7047e+05,1779.9,1.1313e+05,5.6932e+05,2.8374e+05,1.709e+05,5207.6,51609,21697,29028,9387.7,3310.5,3.4281e+05,1570.3,2.8007e+05,1850.2,10508,1.1761e+05,10897,11163,151.54,3.0365e+05,3907.5,1.4648e+05,1.1126e+05,1975.7,4600.1,19847,21227,1.3244e+05,746.43,1226,2.2544e+05,83659,3569.8,75400,8306.5,1.2115e+05,39.037,17587,82879,1.206e+05,1.4635e+05,4552.2
2607.4,2.7784e+05,22150,1.3791e+05,7.7058e+05,908.85,3065,2.6423e+05,5700,55534,2.7581e+05,1767.3,2878.2,5234.1,475.63,1.8561e+05,2169.2,10134,6613,4.807e+05,1.4802e+05,5147.2,92457,4.147e+05,1.7385e+05,2.7915e+05,2188.3,1.4015e+05,760.53,95285,6.7391e+05,2.6811e+05,1.8848e+05,2721.1,38060,27524,29298,2979.5,2404.5,3.172e+05,1103.4,2.3312e+05,1418.3,5750.7,93940,14628,4645.1,100.49,3.1772e+05,3357.3,1.7102e+05,92187,963.53,3817.3,24203,9458.5,95388,1035.9,2399.4,2.265e+05,95350,2725.9,1.0123e+05,12675,1.1221e+05,890.71,27846,80741,95245,1.5343e+05,3273.6
5646.8,2.7113e+05,20428,99346,8.0064e+05,1328.7,1872.6,2.8019e+05,9120.4,48654,3.0789e+05,315.98,1903.8,11075,959.58,2.2191e+05,6072,20541,13565,5.6828e+05,1.5223e+05,3442.2,89461,3.9942e+05,1.666e+05,2.2156e+05,1843.4,1.6477e+05,3769.7,1.373e+05,5.7916e+05,2.1961e+05,1.7331e+05,3572.1,44701,14928,48610,1343.4,2578.8,2.2118e+05,885.83,2.7231e+05,1165.9,7346.5,1.0344e+05,15594,8926.4,79.051,3.3654e+05,2705.6,2.445e+05,1.2669e+05,2398.9,2825.7,22321,9276.1,1.4986e+05,2239.2,2158.1,2.0634e+05,95957,4439.5,73620,4429.4,1.4858e+05,37.664,20677,65054,61191,1.3759e+05,3121.4
5052.5,3.0558e+05,15262,88865,6.5687e+05,843.51,1020.7,2.5538e+05,5015.8,46690,2.9363e+05,1583,3377.2,4946.4,593.73,3.0534e+05,3551.5,16690,2312.2,6.2413e+05,2.3424e+05,3900.5,69736,4.614e+05,1.9677e+05,2.5466e+05,829.24,1.6049e+05,2202.6,1.15e+05,4.8621e+05,2.4717e+05,1.99e+05,3717.7,61688,9620.5,67467,2882.7,5681.5,1.488e+05,5231.1,3.8018e+05,3139.1,8705.8,1.2919e+05,14462,1609.5,211.05,3.1298e+05,3054.5,2.6952e+05,1.4971e+05,1983.8,2760.4,34909,2414.3,1.4029e+05,2494.1,1278.2,2.8365e+05,1.2073e+05,778.83,1.3596e+05,4720.3,1.0578e+05,3732.9,22378,85612,93777,1.6973e+05,7064.8
3404.3,3.3529e+05,16803,64704,5.6092e+05,3667.3,1119.4,2.0088e+05,4520.9,36640,2.0378e+05,1113.5,5809,1666.8,1740.5,2.0262e+05,2287.7,17706,2804.4,4.8971e+05,2.0796e+05,4065.4,45210,3.7555e+05,1.8297e+05,2.2225e+05,90.332,1.3898e+05,1103.1,72434,2.3478e+05,2.1575e+05,1.8429e+05,4189.9,40668,8641.8,48450,3603.1,23740,1.598e+05,2408,2.5337e+05,3085.4,5914.6,1.3793e+05,10697,26.944,612.55,2.5259e+05,1579.7,1.9757e+05,1.2545e+05,3106.5,2684,30489,4183.9,1.1143e+05,5842.2,228.22,2.1386e+05,81914,139.74,81305,7383,1.0945e+05,6055.4,18120,72539,81178,1.7946e+05,1824
3537.9,3.6285e+05,34333,96279,6.4141e+05,809.71,1079.9,1.5443e+05,2493.3,43299,1.8332e+05,856.89,1688.1,2452,1539.1,2.0497e+05,1420.4,12662,10229,5.2999e+05,2.8407e+05,3795.3,74397,4.0314e+05,2.1546e+05,2.2988e+05,179.48,1.6893e+05,2739.7,1.1658e+05,2.6132e+05,2.0311e+05,2.3134e+05,8738.6,42031,13196,23304,7736.4,11245,1.9913e+05,3571.3,2.8616e+05,3938.6,5221.6,1.3763e+05,24877,27.465,226.91,3.2739e+05,8189.1,2.1889e+05,1.1129e+05,1535.4,4474.2,29231,2252.6,1.8119e+05,2006.2,437.28,2.0991e+05,97772,92.98,78236,4906.8,1.212e+05,109.47,29840,45734,93255,1.819e+05,2173.6
4144.9,4.3204e+05,40745,1.0619e+05,6.4431e+05,1610.3,3083.5,1.8421e+05,1516.4,40838,2.6843e+05,439.67,1139.6,3467.6,423.05,2.3917e+05,4658.8,16470,8579,5.479e+05,2.555e+05,7058.3,85974,4.2068e+05,2.6631e+05,2.2761e+05,994.33,2.077e+05,1994.8,1.7889e+05,2.6571e+05,3.2029e+05,3.0359e+05,12049,55839,18524,27107,8012.8,3649,1.8876e+05,2054.8,3.4013e+05,13074,7714.4,1.6488e+05,37782,56.115,321.87,3.7702e+05,5081.8,2.065e+05,99267,1827,3650.4,57474,2980,2.0549e+05,1829.8,1790.6,2.2485e+05,1.183e+05,225.45,1.0847e+05,13809,1.1023e+05,1192.4,27100,67111,79926,1.8835e+05,2004.1
4954.1,3.5576e+05,31253,54860,5.7635e+05,470.73,2260,2.0191e+05,1622.2,35654,3.1153e+05,917.24,2559.8,8640.7,4765.9,2.8214e+05,2752.3,3979.4,7645.8,4.7234e+05,2.5492e+05,9102.8,1.1298e+05,4.1418e+05,2.1417e+05,1.8576e+05,473.57,2.1917e+05,1270.7,91593,2.6139e+05,2.5212e+05,2.3703e+05,7747.4,52532,27611,22355,7016.3,7063.5,1.637e+05,899.34,3.2882e+05,27275,5881,1.2187e+05,41665,788.4,1166.8,3.582e+05,15478,2.4032e+05,1.2706e+05,821.28,3537.9,55901,21377,1.5038e+05,7366.4,5075.9,1.9105e+05,88561,51.618,93242,5661.1,1.0898e+05,3546.9,40174,47892,78767,1.6627e+05,90.334
1367,3.9934e+05,18870,19466,5.7765e+05,321.55,3291,1.6537e+05,1572,43893,3.9011e+05,333.14,2926.4,8271,2744.2,3.1289e+05,1136.2,3279.1,7210.9,3.38e+05,2.5464e+05,3640.4,1.3301e+05,3.7909e+05,1.9537e+05,1.9917e+05,3883.8,1.8606e+05,1208.6,1e+05,2.616e+05,2.5105e+05,2.5855e+05,5427.8,68421,20351,20689,4544.2,8065.2,1.3574e+05,2019.4,4.1219e+05,20884,3690.9,1.0921e+05,26447,115.62,634.28,3.2951e+05,8992.7,3.0248e+05,1.0024e+05,4136.1,3989.4,35168,5453.2,1.4408e+05,2915.4,176.93,2.0773e+05,1.0897e+05,25.063,1.1562e+05,2834.2,72435,24.701,40445,39717,1.0851e+05,2.0976e+05,258.19
1138.4,3.7722e+05,15505,35551,7.5204e+05,556.15,809.41,1.6807e+05,5208,27342,4.8262e+05,6815.6,822.68,10455,897.35,2.6162e+05,462.31,1685.4,8380.1,2.5668e+05,2.9801e+05,2622.3,1.4331e+05,4.7317e+05,2.1174e+05,2.6167e+05,905.91,1.9289e+05,12675,95698,2.3989e+05,3.3303e+05,2.5489e+05,8616,87291,8224.4,19605,14325,9971.7,1.3365e+05,499.71,3.5271e+05,46362,1991,1.6291e+05,21189,204.59,34.568,4.0533e+05,807.16,3.0219e+05,1.8778e+05,1907.3,3703.7,27241,1950.9,1.8776e+05,13573,0.854,2.08e+05,1.1605e+05,409.36,97916,3686.7,47593,2628.9,48451,66753,1.3249e+05,2.5768e+05,135.7
5825.1,2.1119e+05,5232.7,12534,6.3591e+05,2300.1,1398.2,98991,1246.1,19199,3.4894e+05,73.057,785.85,10664,1732.9,2.283e+05,4240.2,1162.8,5177.3,1.9858e+05,1.6432e+05,2825.9,68363,3.567e+05,1.7763e+05,1.2322e+05,323.5,1.6529e+05,4282.9,53431,2.2204e+05,2.8012e+05,1.9174e+05,40.328,61836,5575.4,13393,5531.4,19676,1.286e+05,709.91,3.9287e+05,11796,2861.3,1.224e+05,4492.2,150.06,64.587,3.6681e+05,1591.7,1.821e+05,81558,2274.8,1608,6520.6,5485.6,1.3831e+05,1071.7,12.57,3.0862e+05,1.0294e+05,44.363,54328,2701.9,35307,1100.2,8615.5,59761,1.2432e+05,1.8442e+05,341.21
2821.3,2.1564e+05,341.79,5865.4,5.2056e+05,60.249,289,75292,34.889,12119,1.6407e+05,56.115,803.9,22061,155.16,1.0705e+05,1182.6,226.82,2511.6,1.165e+05,1.2802e+05,209.02,86945,2.5714e+05,79819,97653,107.58,1.2413e+05,479.59,1.1372e+05,1.548e+05,3.2369e+05,1.3445e+05,19.11,36074,5113.4,30701,2606.5,1478.3,73630,2974.1,3.2316e+05,13938,2233.6,58621,4118.2,4.117,59.597,2.8265e+05,256.55,1.1762e+05,1.0105e+05,677.2,903.63,8628.7,40585,69615,539.49,0.541,91814,31473,1036.4,36818,708.78,23239,30.566,2630.7,39722,1.3632e+05,2.1359e+05,56.721
736.74,2.3428e+05,22.129,4040,3.0297e+05,137.34,197.65,41969,176.82,31834,1.1989e+05,651.02,595.95,25468,147.06,1.1513e+05,790.16,1010.4,4518.8,81277,1.4303e+05,171.82,27026,1.8566e+05,66262,67899,3438,1.0527e+05,326.89,40102,1.3344e+05,1.3483e+05,73184,44.657,18326,4099.8,52389,422.63,1485.4,19127,171.37,2.3651e+05,3970.4,2343.5,28653,4562.6,18.064,382.95,2.5782e+05,196.16,59451,49036,4354.4,827.4,7464.4,10705,65221,375.59,0.418,51748,41936,4.262,28888,502.68,18381,19.006,796.94,17898,1.5453e+05,1.3234e+05,40.49
387.39,1.694e+05,15.31,2254.2,2.5352e+05,68.051,1650.5,20576,69.357,43440,51107,1084.9,385.64,9944,309.32,50831,223.16,303.56,2451.7,36197,1.054e+05,346.23,34236,99095,33324,33257,138.1,47322,115.87,24190,82094,85316,66042,14.34,20176,2995.5,43907,68.043,592.02,13780,71.534,1.5941e+05,3813.3,1634.1,32948,6542.8,4.478,1519.8,1.476e+05,176.74,31650,41679,611.92,1587.3,3749.4,16950,78727,261.16,0.614,35653,22443,0.938,12515,60.029,15983,3.902,1615.2,7214.5,1.2518e+05,79234,39.364
227.81,1.4687e+05,15.107,3284.3,1.3844e+05,76.694,311.06,24951,69.086,13573,71766,49.66,76.048,4757.5,132.1,51701,102.59,74.236,1775,37786,1.2295e+05,118.45,21183,94160,38289,18367,30.9,39941,73.875,25806,30250,61425,40970,578.3,9040.6,2366.2,3397.9,23.451,564.15,13663,194.07,85375,10770,218.68,24105,1056.1,14.142,3116.3,1.2204e+05,193.42,29863,27707,3793.6,1516.4,2903.3,6968.6,63023,205.41,0.975,35617,14536,0.938,8809.8,1336.6,18803,81.949,443.38,11483,84697,71699,52.102
1720.6,1.5104e+05,26.938,1993.4,1.5432e+05,58.498,199.15,51773,3.67,7623.1,76910,114.29,175.54,3033.7,180.01,57365,109.9,55.986,1387.1,41026,1.5073e+05,179.44,26038,1.562e+05,50341,30915,604.08,27496,44.72,15135,68752,51434,23684,4796.5,6876.3,10434,4833.2,77.723,2993.1,40608,58.025,2.2491e+05,10212,278.77,25388,1148.2,7.282,97.014,1.1084e+05,772.47,44131,26491,2850.2,814.83,9590.5,20272,57249,488.25,1.12,24287,8926.9,2.745,17839,445.44,26733,39.762,2827.6,10011,38979,30446,103.05
1179.7,1.8032e+05,452.09,4191.3,2.8856e+05,267.12,1180.5,1.0743e+05,30.894,11185,1.3192e+05,93.615,515.92,8008.1,811.84,1.1459e+05,964.97,1069.8,26733,85951,1.6953e+05,145.26,51504,1.8823e+05,1.3994e+05,47380,26.037,69360,90.71,82583,2.0657e+05,55808,41489,4788.7,33369,3147.5,21059,1096.9,3329.2,1.5117e+05,2369.1,2.1115e+05,12628,806.56,22078,4497.2,3.033,49.832,2.2155e+05,467.45,77745,77836,360.41,2472.6,16346,20524,64967,1860.1,0.969,76270,25102,1.227,24011,2284.9,45109,174.72,2763.6,13296,32649,37372,51.166
1030.9,2.2028e+05,379.26,9626.2,5.3857e+05,368.32,4585.1,2.2101e+05,186.58,45986,2.0924e+05,779.74,1037.6,10646,532.88,1.5868e+05,7033.8,12255,11391,1.5315e+05,1.6752e+05,299.31,90846,3.8465e+05,1.4834e+05,1.4869e+05,505.02,1.1173e+05,855.48,67226,2.6864e+05,89427,87121,314.99,24965,2895.6,22927,119.92,1777.7,2.4898e+05,1460.9,2.1346e+05,49640,5526.3,59849,6660.2,85.357,322.81,2.7898e+05,3043.2,1.5177e+05,1.3563e+05,3218.4,4414.9,16553,20276,99881,2746.3,459.34,1.3179e+05,59994,2.553,42156,2774,73954,194.67,14190,25686,63900,69207,412.07
3728.8,2.0169e+05,1514.5,13820,5.817e+05,1940.4,3534.3,2.515e+05,61.425,31377,2.2041e+05,469.84,2506.4,12687,628.62,1.7449e+05,5471.7,13795,6003.6,2.5906e+05,1.4561e+05,981.91,80786,3.842e+05,2.1123e+05,2.1395e+05,599.07,1.4154e+05,1452.2,72567,4.1908e+05,2.0265e+05,2.1146e+05,1784.7,33953,8051.2,25178,147.57,2573.8,4.2406e+05,5843.3,2.7457e+05,4814.1,19063,77351,13703,1182.3,408.36,2.6325e+05,1959.5,1.9075e+05,1.0424e+05,5580.3,4032.7,22848,16222,1.0639e+05,1235.3,1259.7,1.1932e+05,61596,289.86,60017,3754.4,79327,195.65,10795,43023,70377,1.0948e+05,2195.8
1553.5,2.7288e+05,10077,59295,7.6634e+05,1301.3,13574,3.3218e+05,472.05,52657,2.5842e+05,416.1,2537.7,8338.2,1473,1.959e+05,2199,12583,7369.8,3.4539e+05,1.5056e+05,707.85,90617,3.9254e+05,1.8886e+05,1.8729e+05,551.26,1.7492e+05,588.67,84240,4.8682e+05,1.8158e+05,2.9762e+05,3475.6,53284,15892,32459,329.03,1939.3,6.9566e+05,1981,2.6512e+05,19264,11398,1.4534e+05,20293,1656.6,482.79,3.0771e+05,7628.2,1.9186e+05,1.3677e+05,11896,5001.1,27496,21057,1.3747e+05,1025.4,650.9,1.7818e+05,78124,899.47,1.0053e+05,18291,1.3272e+05,1018.6,21037,66478,90478,1.2784e+05,8730.7
5210.1,2.5838e+05,15200,92044,7.7969e+05,1831.1,15842,3.9629e+05,492.31,50405,3.1298e+05,625.65,949.34,9327.8,2006.5,2.237e+05,1245,11846,3983.5,5.3197e+05,2.0005e+05,1205.4,1.1518e+05,3.483e+05,2.3446e+05,1.9878e+05,158.52,1.867e+05,773.42,1.1355e+05,6.1501e+05,2.3256e+05,2.9897e+05,2660.5,52816,15135,29836,3469.6,4614.9,7.2494e+05,1956.1,2.8974e+05,2458.9,4846,1.0229e+05,12735,652.41,694.01,3.2645e+05,2148.3,2.0955e+05,1.3417e+05,13039,4689.9,45490,24398,1.3085e+05,1590.7,1939.7,2.1419e+05,81319,604.17,95518,11730,1.3499e+05,11.936,35194,57237,66812,1.6244e+05,6094.1
3467.3,3.1967e+05,5549.8,53666,6.8847e+05,669.47,9094.8,3.7365e+05,411.08,53088,4.4061e+05,591.44,2712.4,8489.8,6041.9,2.2726e+05,2710.3,23318,2671.9,5.145e+05,2.1143e+05,2325.7,1.0293e+05,4.4494e+05,2.5085e+05,1.547e+05,161.19,1.7746e+05,1405.6,1.115e+05,5.92e+05,2.8309e+05,1.8311e+05,3668.1,49591,18233,30354,259.28,10102,5.5827e+05,1982.6,3.4881e+05,6730.7,8822,1.4386e+05,8038.5,1463.7,1392.7,3.3021e+05,2984,2.2604e+05,1.4275e+05,3354.5,1763.9,28766,22903,1.276e+05,2362.4,850.79,1.9995e+05,1.1672e+05,2454,87559,4125.1,1.0563e+05,141.71,41620,47186,86549,1.8321e+05,3418.6
2106,3.5625e+05,5753.4,64354,7.0261e+05,1286.5,5910.7,3.541e+05,3097.1,49906,3.1313e+05,1618.6,1622.4,3692,1690.2,2.4687e+05,10640,19026,6072.7,5.8259e+05,2.2725e+05,828.99,92490,5.1881e+05,1.9659e+05,1.4767e+05,738.54,2.1234e+05,737.54,1.2226e+05,6.1827e+05,2.4425e+05,1.3384e+05,6760,59056,14042,32773,2586.2,15241,5.2774e+05,3788.3,2.8764e+05,1519.3,6164.5,1.0744e+05,8627.2,323.15,1279.5,3.396e+05,3585.1,1.9833e+05,1.3242e+05,3557,4095.2,27262,14214,1.3147e+05,2739.5,1517.6,1.8651e+05,73389,1463.5,1.0939e+05,7314.3,1.2935e+05,982.71,38553,69537,82738,1.4535e+05,6339.3
4730.7,2.6984e+05,5140.5,1.0398e+05,6.365e+05,544.64,4243,3.8417e+05,1498.4,35792,2.901e+05,4113.2,3426.3,4022.1,2304.3,1.9872e+05,4410.8,34614,3560,6.0027e+05,2.1764e+05,7214.8,63012,5.4638e+05,2.1374e+05,1.379e+05,2549,2.2152e+05,1039.1,1.237e+05,5.936e+05,2.417e+05,1.7323e+05,11143,49007,13042,39879,3148.5,6433.5,3.3674e+05,1560.8,2.7429e+05,3246.5,10681,1.0885e+05,13465,1074.4,97.846,3.4302e+05,2444,1.839e+05,1.1291e+05,3074.7,2747.1,29106,10983,1.3092e+05,2993.3,3823.6,2.0634e+05,90419,3988.8,1.0057e+05,7802.6,1.0389e+05,171.91,81503,71201,79826,1.883e+05,10058
4172.4,2.4092e+05,10102,91782,7.6437e+05,701.57,7787.7,3.3814e+05,1133.8,55069,2.8113e+05,351.18,1718.8,7110,1808.1,1.6327e+05,1282.7,29548,4412,5.7746e+05,2.1084e+05,7222.6,76282,4.1302e+05,2.3827e+05,1.8586e+05,997.89,2.0893e+05,820.02,1.5838e+05,6.271e+05,2.4069e+05,1.9516e+05,13260,53675,10413,30822,911.56,7291.8,3.9161e+05,3175.2,2.9421e+05,2713.2,23379,1.1382e+05,13056,634.21,172.01,3.235e+05,6774,1.9951e+05,1.2504e+05,18392,5030.4,34591,12550,1.8987e+05,14967,5524.9,1.7725e+05,98671,412.05,1.0041e+05,4414.5,1.259e+05,1024.4,31170,48860,1.2559e+05,1.8149e+05,4294.3
4631,3.3122e+05,12282,91043,6.5265e+05,904.29,8670.4,3.4921e+05,899.51,55214,2.5781e+05,3067.5,921.85,8849,1027,1.7716e+05,2399.9,17820,7246.4,6.4285e+05,2.1341e+05,6925.5,86100,3.8951e+05,2.0321e+05,1.7668e+05,847.6,2.0267e+05,1350.6,1.7264e+05,5.9699e+05,2.3156e+05,2.4845e+05,5308,55372,13009,28669,1066,3225.4,3.9234e+05,1454.4,2.5373e+05,2211.2,5772.5,1.16e+05,14435,1980.2,257.69,2.778e+05,6299,2.3332e+05,1.1161e+05,5753.4,3435.7,27094,30341,1.2566e+05,7408.8,2891.6,1.8439e+05,98469,297.43,84336,7704.4,1.1642e+05,451.66,51054,51940,99880,1.3841e+05,8706.7
3547.8,2.8829e+05,14495,1.0813e+05,6.7578e+05,407.27,8462.4,2.705e+05,2097.6,38783,2.8022e+05,397.87,1678.3,9801.9,664.8,2.4124e+05,1709.7,19310,7437.6,6.5066e+05,1.7587e+05,3205.3,71987,4.1159e+05,2.1143e+05,1.9483e+05,235.08,1.7161e+05,3319.6,89393,5.7236e+05,2.279e+05,2.7614e+05,9141.4,66113,11267,36689,1091.8,4757.9,3.4197e+05,3738.9,2.5537e+05,4242.6,5536.3,1.3299e+05,15242,129.66,185.72,3.579e+05,2596.1,2.3291e+05,1.2057e+05,1528.9,5237.5,31259,25097,1.4317e+05,4684.4,3189.6,1.4239e+05,88768,500.54,98577,10271,1.171e+05,2234.5,27988,64299,91517,1.5241e+05,4257.2
4432.8,3.3835e+05,10271,86759,7.0583e+05,549.37,6733.6,2.4812e+05,5797.9,58779,2.6778e+05,716.29,3529.2,10642,1157.2,2.2523e+05,3830.1,12609,3592.9,6.3414e+05,2.4196e+05,3376.3,94458,4.5143e+05,2.07e+05,2.3132e+05,858.22,2.11e+05,1079.6,1.1564e+05,3.856e+05,2.9304e+05,2.4959e+05,5816.5,66831,12185,67042,688.07,5452,2.0456e+05,3345.7,3.2742e+05,7124.8,8853.2,1.4836e+05,31758,685.65,1164.7,3.1769e+05,2235.2,2.946e+05,1.0752e+05,2550.9,2455.9,51646,2596.6,1.7103e+05,3664.5,650.13,2.0383e+05,98059,658.11,1.1117e+05,4013.9,90666,4643,79329,78125,94067,2.0382e+05,2279.7
6328.5,3.7443e+05,24413,83727,6.2441e+05,213.28,8416.3,1.8168e+05,2823.9,22570,3.0273e+05,3004.2,2728.1,6072.9,2368.3,2.6522e+05,2814.6,18721,10543,6.7873e+05,2.4342e+05,3621.9,71810,4.7592e+05,2.0658e+05,2.5313e+05,565.09,1.9682e+05,945.2,1.2473e+05,3.2183e+05,2.4448e+05,2.8746e+05,4472.8,50930,14486,37270,2324.9,8589.2,2.121e+05,1435.5,3.9066e+05,12233,11031,1.6353e+05,27390,108.5,1265.4,3.1572e+05,3233.8,2.5871e+05,1.448e+05,2682.5,3233.7,45171,1529.8,1.9793e+05,3783,83.996,1.8103e+05,88806,317.43,91243,7363.7,1.1549e+05,901.18,72026,98568,1.2087e+05,1.5756e+05,5647.5
4722.1,4.1595e+05,29657,85104,6.6177e+05,537.16,2648.6,1.8192e+05,1029.3,54925,2.7153e+05,1352.1,2592.5,7566,3615.5,2.2526e+05,1539,22100,6536.8,7.1853e+05,2.4513e+05,8663.5,1.0086e+05,4.7451e+05,2.2239e+05,2.6305e+05,225.7,1.7334e+05,1050.2,1.3569e+05,2.7919e+05,2.5808e+05,2.7114e+05,8486.7,47934,28007,42772,10006,19655,1.8686e+05,2661.6,3.7431e+05,6189.9,9041.7,1.4102e+05,37098,276.97,745.21,3.9402e+05,4607.2,2.8453e+05,1.3052e+05,3474.6,3632.6,45689,2694,1.9182e+05,3430.8,237.48,1.9246e+05,94758,27.069,1.2184e+05,13711,1.3229e+05,133.02,74173,80912,1.2928e+05,1.7917e+05,2197.7
2670.8,4.1618e+05,35866,97714,6.6694e+05,599.72,614.86,1.6284e+05,2037.9,45765,2.2457e+05,1482.2,1886.2,8950,5515,2.7467e+05,4565.7,14975,9632,7.0428e+05,2.3926e+05,14617,97905,5.4639e+05,2.7581e+05,2.4561e+05,323.24,2.0127e+05,2014.3,1.2097e+05,2.9652e+05,2.6219e+05,2.5647e+05,8803.4,59416,19129,50375,9732.7,6530.4,1.557e+05,1268.4,3.395e+05,10606,12762,1.3697e+05,27060,42.105,2689.5,4.7124e+05,4088.3,2.0965e+05,1.3463e+05,2920.1,2528.3,38331,11558,1.6373e+05,2780.8,267.8,2.4708e+05,1.2187e+05,262.84,1.4726e+05,14419,1.0495e+05,201.76,55038,83187,1.0049e+05,1.7239e+05,2236.5
4722.3,3.7992e+05,17480,60159,6.1547e+05,2425.6,303.36,1.6255e+05,1290.5,47356,2.3446e+05,3278.5,6256.8,8119.1,2594.1,2.3292e+05,2616.6,2166.6,21195,5.3894e+05,3.0792e+05,19745,62135,4.9711e+05,2.3684e+05,2.171e+05,1082.5,1.8358e+05,3918.3,1.1805e+05,3.1196e+05,2.5778e+05,2.6108e+05,15458,54846,18541,43286,1917.4,1989.3,2.1639e+05,807.79,4.5219e+05,13952,6890.3,1.2203e+05,37747,710.44,5610.9,3.7506e+05,3243.9,1.9313e+05,1.3798e+05,2567.2,5164.5,32238,4964.6,1.4621e+05,2958.5,318.05,1.9625e+05,78606,1.01,1.2882e+05,13246,91400,471.89,35761,63509,1.4113e+05,1.7578e+05,5237.4
3395.7,3.4862e+05,22160,26942,5.9259e+05,234.09,2143,2.1652e+05,2949,20901,2.3209e+05,1182.3,40829,13789,1362.2,3.4242e+05,4189.6,1079.8,19424,3.5038e+05,2.9418e+05,11455,1.1297e+05,4.6686e+05,2.1203e+05,2.2138e+05,2814.3,2.1356e+05,3196.1,1.1618e+05,3.0495e+05,2.5631e+05,2.0678e+05,2381.6,46382,18165,22079,2728.4,4006.3,1.959e+05,1106.6,3.4626e+05,9759.5,12533,1.1154e+05,24203,295.29,531.37,3.7486e+05,3071.4,2.1107e+05,1.3522e+05,8823,9602.4,34033,1293.3,1.2455e+05,1178.5,31.925,1.5898e+05,97960,12.084,93233,5181,97749,2708.3,10741,43899,1.1968e+05,2.0272e+05,1745.2
3933.9,4.9536e+05,12847,18340,6.2367e+05,645.48,511.37,2.0806e+05,575.91,54996,2.7869e+05,751.89,3449.7,31584,1012.4,2.8148e+05,722.13,1331.2,11517,3.0425e+05,3.9116e+05,1801.7,94095,4.3516e+05,2.1045e+05,1.8497e+05,141.27,2.12e+05,457.64,1.3208e+05,3.3158e+05,3.0938e+05,2.3339e+05,625.49,65470,10760,21827,1090.3,2016.9,1.7144e+05,903.15,4.2074e+05,12760,4306.9,1.4061e+05,20500,435.76,78.89,4.8265e+05,835.16,2.8628e+05,1.7928e+05,5300.4,4507.4,54255,751.96,1.6307e+05,333.98,44.299,2.3979e+05,1.3869e+05,8.852,78936,4809.5,87691,558.24,38295,30612,1.867e+05,2.4622e+05,1092
3060.9,3.6588e+05,4399.8,14311,6.4757e+05,303.73,973.48,1.8488e+05,141.43,1.0993e+05,3.4469e+05,4961.3,998.42,24180,1041.6,1.769e+05,472.03,5487.7,7073.1,1.6854e+05,2.7218e+05,1141.5,68742,4.2241e+05,2.334e+05,1.5623e+05,38.89,1.3509e+05,2050.8,1.73e+05,2.071e+05,3.8137e+05,1.596e+05,2097,44219,11333,22027,1751.2,4329,1.0274e+05,206.76,3.0825e+05,2438.7,4954.7,1.2205e+05,15135,123.1,79.221,4.7126e+05,162.49,1.4796e+05,1.0941e+05,5752.9,3517.8,32295,5102.2,1.5349e+05,669.86,36.789,1.4724e+05,56894,29.601,70182,3884.9,39046,2205.7,19565,32636,1.3392e+05,2.1844e+05,85.012
4006.8,3.237e+05,1077.1,8360.7,3.4714e+05,72.884,363.15,91320,913.63,1.0586e+05,2.371e+05,203.3,231.36,9219.3,692.46,1.5354e+05,383.84,413.15,3570.9,1.0159e+05,1.9966e+05,1674.1,1.2671e+05,2.6187e+05,94048,1.5595e+05,138.77,1.1413e+05,1069.1,67414,1.3741e+05,2.9938e+05,1.8136e+05,58.599,41298,4156.5,17169,339.65,4118.9,52642,77.084,3.2634e+05,10170,4196.1,39086,2117.1,1519.4,71.939,3.6595e+05,305.42,1.0369e+05,62770,4599.8,766.17,13851,4199.9,80957,437.79,115.14,1.2909e+05,64482,13.295,42686,251.53,37896,383.43,4395.7,18071,99054,1.3085e+05,78.58
757.98,2.8683e+05,12.709,4724.6,2.9004e+05,63.846,213.12,78445,1082.6,83431,1.7396e+05,94.898,1380.7,6319.6,138.3,84583,142.86,45.935,4000.9,97524,1.4921e+05,126.78,1.1918e+05,1.6586e+05,36870,66100,4008.9,83384,737.88,39580,1.1096e+05,2.4793e+05,1.5359e+05,5612.6,27285,2850.4,16706,993.21,538.92,19903,310.72,1.9528e+05,18269,699.84,24630,1428.8,2316.8,11.088,2.2794e+05,181.29,71789,1.2113e+05,3982.9,1002.3,10007,20524,89465,1452.4,2.42,1.1528e+05,76082,7.876,13498,1690.3,11257,35.889,384.16,11186,98823,1.2996e+05,60.9
1206.9,1.8315e+05,49.012,10736,1.3987e+05,67.536,266.96,76562,11.33,11347,1.1003e+05,101.52,169.32,8592.5,102.2,53236,163.06,30.057,2124,77650,85287,81.168,94964,87341,63748,69800,20.203,44208,214.2,56816,49299,1.6836e+05,85656,157.04,23717,1413.7,3972,11439,537.59,26940,84.195,1.2434e+05,12717,1037.7,9995.2,2683.3,37.326,344.55,1.4009e+05,161.31,1.0414e+05,46351,785.66,495.33,6586.8,48480,41009,199.95,2.296,1.1422e+05,26988,3.135,10012,139.52,21337,139.96,343.15,8769.8,78839,1.0401e+05,61.132
156.87,1.7976e+05,12.053,5023.2,1.0209e+05,65.339,293.01,61120,23.238,5481.2,38215,217.3,113.08,1754.4,106.47,53741,111.22,27.787,2822.1,1.2008e+05,69510,152.42,74637,1.0386e+05,28861,19366,45.536,21640,235.47,21251,40309,1.2359e+05,58959,27.836,13781,1913.3,4968.4,164.88,351.22,42918,54.9,61395,7188.7,1848.4,13136,1460.4,2.578,7.444,1.2905e+05,150.58,39322,35389,408.12,324.96,5262.2,15662,93583,224.27,3.015,1.3091e+05,38437,16.547,21792,454.44,11437,48.117,2457.9,7521.2,70669,1.1456e+05,74.542
211.98,1.8474e+05,12.619,2476.5,1.1155e+05,69.973,529.54,47634,56.314,4404.3,47894,281.73,183.04,4815,1240.5,40136,2083.2,136.23,4194.4,64436,92045,616.04,76705,90947,45502,29323,37.265,27379,91.796,33745,1.0371e+05,1.1831e+05,56055,74.74,17817,4045.3,6212.4,68.537,230.91,33403,60.642,65024,3154.3,277.93,11105,3195.2,2.566,39.946,1.0132e+05,326.23,27706,28010,1148.9,1366.8,2172.7,23824,34870,137.91,2.059,1.0763e+05,24983,3.135,17171,184.1,16704,94.127,5007.6,9344.6,29536,46653,69.832
618.4,69959,20.92,2165,2.3425e+05,77.291,1262.7,1.1914e+05,156.58,8542.2,95476,185.45,128.43,16219,405.76,1.0146e+05,2191,33.034,8196,78580,1.0435e+05,1370,91817,2.4676e+05,83026,53442,18.399,43734,735.72,27890,1.9718e+05,1.3522e+05,76989,34.75,15920,2314.8,11727,130.6,5301.7,1.6381e+05,793.03,1.8083e+05,1375.2,3678.7,17523,3755.3,3.047,15.398,1.6621e+05,731.2,73425,39690,333.36,14253,4132,33937,1.2396e+05,468.3,2.998,38274,25942,4.696,27792,2227.3,61847,598.51,8476.5,13569,46959,27955,265.54
1110.9,1.7431e+05,5558.2,10966,5.1925e+05,548.74,1803.5,3.1305e+05,8481.2,37638,1.8581e+05,609.25,7547.9,10572,566.06,1.7398e+05,2818.4,1359.2,16883,1.924e+05,1.9792e+05,799.41,94888,2.816e+05,1.3375e+05,1.5567e+05,21.976,91471,796.49,63049,3.1591e+05,1.3898e+05,59170,1065.5,24800,9636.9,18675,127.17,1981.5,3.1975e+05,1115.1,2.6664e+05,1667.9,2107.2,74785,4500.9,490.47,1717.6,1.8765e+05,962.03,1.3965e+05,89304,1088.8,6398.7,29550,32711,1.7089e+05,2602,27.025,61908,39629,7.225,39053,9161.3,69198,143.12,15114,34512,64935,70865,1090.5
12011,2.4287e+05,5751.7,22331,5.5349e+05,271.44,1298.6,2.842e+05,6234.9,30134,1.8509e+05,635.03,3961.8,9773.5,2681.9,1.7512e+05,6440.9,10972,11555,3.04e+05,1.5799e+05,1697.4,80160,3.5632e+05,2.1727e+05,1.3219e+05,166.98,96447,973.61,67787,4.247e+05,1.2906e+05,1.1629e+05,249.01,29096,3502.7,20292,282.36,7603.9,5.1822e+05,880.32,2.8135e+05,3279.1,15320,87059,11073,359.26,211.05,2.5457e+05,2360.9,1.2757e+05,94998,6448.6,5045.5,28478,30940,1.8529e+05,3653.9,53.701,1.1765e+05,75875,71.04,77520,4578.3,96887,89.045,14556,40456,68109,1.4884e+05,1119.9
10995,2.5464e+05,8484.1,46834,5.4011e+05,341.19,1485.3,4.3743e+05,1292.2,45490,3.1139e+05,1799.9,2181.8,6261.2,2883.9,1.9283e+05,2470.9,8652,17498,3.6539e+05,2.11e+05,1937.7,85828,3.8307e+05,1.9114e+05,1.8804e+05,41.946,99895,1429.3,96008,5.7104e+05,1.312e+05,1.943e+05,657.93,37910,13944,24447,427.38,4214.7,6.7072e+05,2143.2,3.0734e+05,7243,3150.5,87763,16533,366.29,406.4,3.2364e+05,4072.4,1.5315e+05,1.3905e+05,15938,5345.6,8232.4,15196,1.7378e+05,1179.3,1524.5,1.8708e+05,86432,467.92,85082,7305.9,1.2993e+05,30.639,24610,68109,42163,2.0029e+05,9297.1
3436.2,2.7547e+05,16976,51914,6.5455e+05,521.36,1819.5,4.3523e+05,1088.8,32974,2.849e+05,1159.3,1488.9,16282,3114.4,1.946e+05,1672.8,8846.7,9915.9,4.2011e+05,1.9575e+05,2148.7,85626,4.2978e+05,2.5021e+05,2.0277e+05,99.645,1.2727e+05,987.82,79514,5.5736e+05,2.2206e+05,1.9085e+05,4453.2,60582,15831,44813,540.97,5235.9,7.2856e+05,2789.9,3.9509e+05,1980.9,13071,1.3049e+05,10737,531.37,126.53,3.414e+05,6712.1,1.5554e+05,1.2237e+05,3767.2,3774.8,17300,8021.2,2.046e+05,4441.4,764.03,1.8822e+05,87970,595.64,70412,6885.5,2.2637e+05,101.48,9557,58531,83993,2.066e+05,2969.7
4962.5,2.7078e+05,10905,67207,6.262e+05,858.48,1886,3.8003e+05,6943.8,64117,2.2991e+05,1952.2,3156.7,9009,1846.1,1.9908e+05,3051.2,11512,8966.6,4.7503e+05,2.2717e+05,2346.4,93387,4.1886e+05,2.4964e+05,2.0542e+05,223.94,1.4256e+05,939.3,98041,5.7192e+05,2.0787e+05,1.9781e+05,2612.8,45564,7242.9,40529,1435.5,3364,5.9788e+05,5321.1,3.3748e+05,6646.5,5740.2,88128,8311.8,1073.1,1130.5,2.9343e+05,7788.9,2.1352e+05,1.0672e+05,2852.5,2301.5,19012,3431.1,1.1806e+05,4040.1,780.77,1.7853e+05,75094,680.77,74239,5640.2,1.8216e+05,959.46,19996,51087,88612,2.1802e+05,2125
1430.9,3.2248e+05,11363,76237,6.4176e+05,2077.9,1537.2,3.237e+05,2384.5,61572,2.6073e+05,248.19,995.19,7418.2,1262.1,2.7868e+05,1403.8,25470,8089.8,5.3395e+05,2.3247e+05,2835.6,96794,4.5818e+05,2.068e+05,1.8942e+05,355.23,1.6793e+05,1063.7,96623,6.1014e+05,2.3228e+05,1.7711e+05,9080.7,54077,8690.7,40969,2221.6,10285,5.1872e+05,1359,3.2819e+05,2901.7,10361,1.272e+05,12396,2561.8,644.43,3.2737e+05,7796.1,2.8106e+05,1.268e+05,2527.7,3066.8,35234,5301,1.1348e+05,2350.4,1270.6,1.5458e+05,77114,273.5,83363,13334,1.8866e+05,279.94,51138,52974,1.3045e+05,1.8051e+05,1448.2
2510.7,3.6148e+05,25725,84498,6.6573e+05,1196.5,4590.5,3.6166e+05,539.4,52110,3.0666e+05,698.27,1619.7,4752.2,1067.8,2.826e+05,1408.1,6467.9,10666,5.8378e+05,2.4164e+05,5748.3,87700,5.0175e+05,1.9894e+05,2.0807e+05,923.48,1.9853e+05,1206.3,98112,7.0395e+05,2.878e+05,2.289e+05,6545.7,51639,10693,42885,3915.8,8067.8,4.2689e+05,4456.6,3.5165e+05,7531.9,7799.1,1.44e+05,15454,632.38,884.56,3.9385e+05,9244.8,2.2209e+05,1.3162e+05,3035.8,1537.7,31593,6013.8,1.5668e+05,6088.5,241.57,2.2313e+05,1.0692e+05,326.31,80916,7302.7,1.6183e+05,523.75,29106,59975,76565,1.5385e+05,3869.4
4356.9,3.5901e+05,15338,99857,6.7218e+05,1772.7,2303.3,3.3038e+05,815.15,36166,3.0388e+05,1060.2,2752,6849.7,780.66,2.25e+05,723.86,14725,9215.8,6.2198e+05,2.8971e+05,3712,86976,4.6862e+05,2.2608e+05,2.5581e+05,984.33,2.4422e+05,752.88,1.0332e+05,6.7111e+05,1.9822e+05,2.2722e+05,9282.3,57074,11259,36177,3718,6943.5,4.0925e+05,2912,3.6045e+05,13635,5823.1,1.5586e+05,20461,546.51,269.41,3.7036e+05,5851,1.5675e+05,1.6976e+05,2360.9,988.1,31239,8680.8,1.8581e+05,7778.9,862.63,1.9867e+05,1.1938e+05,432.82,1.2471e+05,9122.5,1.8024e+05,331.77,41595,68708,1.1074e+05,1.7932e+05,7510.9
16285,3.3188e+05,25889,90030,6.7792e+05,1555.4,3227.6,3.9188e+05,808.43,59695,2.8059e+05,990.6,5342.5,5135.7,819.58,2.0272e+05,3761.1,16153,11651,6.1199e+05,3.3038e+05,3915.6,73836,4.1418e+05,1.8066e+05,2.0094e+05,4096,1.5089e+05,753.45,1.1195e+05,6.4907e+05,2.9845e+05,1.9905e+05,10955,37865,12980,29375,6264.4,6373.7,3.8241e+05,5786.3,3.4317e+05,17426,8014.7,1.4576e+05,30099,6113.8,761.9,3.1224e+05,6503.7,1.9288e+05,1.5728e+05,1180.2,1977,16234,12626,1.8376e+05,18035,402.67,2.2727e+05,1.1614e+05,936.29,1.1036e+05,3342,1.1839e+05,604.71,33250,74833,1.0736e+05,1.7008e+05,10798
4433.6,3.6376e+05,17746,84500,7.3125e+05,1210.1,1448.8,3.4105e+05,2572.3,57971,2.7813e+05,980.76,6371.7,5809.5,1885,2.0447e+05,3173.8,23378,9037.5,6.4498e+05,2.4546e+05,6216.2,85726,4.4515e+05,2.166e+05,1.8346e+05,2797.9,2.1016e+05,990.3,1.0147e+05,4.6189e+05,2.6315e+05,2.3349e+05,8845.9,64381,14715,42280,12281,6752.8,2.5081e+05,2807.5,3.1096e+05,1835,20990,1.4102e+05,26660,303.84,1370.3,3.8087e+05,4001.3,1.8085e+05,2.0458e+05,5013.5,3726.3,27220,8637.2,1.6139e+05,23819,607.15,1.9291e+05,88601,655.14,1.1463e+05,10750,1.2516e+05,929.66,14211,73802,94646,1.9547e+05,4985.2
2175,3.5574e+05,12837,76061,6.1309e+05,270.85,656.35,3.1901e+05,2294.6,35665,3.1771e+05,1264.5,3236.6,6760.6,2222.8,2.6812e+05,3673.6,4451.2,10229,5.9182e+05,2.5992e+05,4336.4,70427,4.2741e+05,1.8474e+05,2.1382e+05,1114.4,2.0538e+05,2660.9,1.1336e+05,3.6136e+05,2.7735e+05,2.3941e+05,12515,61404,15209,41466,4619.7,2587.8,1.8036e+05,9177.8,3.1717e+05,13411,11824,1.229e+05,24656,2984.9,791.98,3.7208e+05,10394,2.0977e+05,1.8021e+05,6542.7,4593.3,42829,2306.8,1.1991e+05,3891.7,88.053,1.4714e+05,88526,297.29,98852,6956.9,52718,2123.5,17767,67250,1.0153e+05,2.0749e+05,3731.5
7317.1,4.7876e+05,19767,1.1939e+05,5.7181e+05,526.45,2349.1,2.5029e+05,2142,38565,2.3499e+05,1382.1,6533.2,8441.3,3292.7,2.7361e+05,3172.7,11712,15115,5.8228e+05,3.0118e+05,10167,85182,4.7893e+05,1.9599e+05,2.7899e+05,559.73,1.7628e+05,2776.8,96872,2.5661e+05,2.8562e+05,2.475e+05,9851.5,52022,17117,26385,3319.7,4133.1,2.6268e+05,3399.1,3.4541e+05,11079,8872.2,1.2546e+05,17970,758.58,2202.9,4.3342e+05,3928,2.5504e+05,1.3355e+05,5203.2,3800.3,40534,1679.9,1.6853e+05,1092,82.595,1.6627e+05,76254,1486.3,71333,6235.4,89170,1812,18046,67729,1.125e+05,2.4208e+05,2834.9
9449.5,4.4583e+05,19491,93004,6.4351e+05,246.84,3995.8,2.1173e+05,1876.3,31845,2.3291e+05,1168.3,9116,6132.8,1878.6,2.8511e+05,4282.1,5311.7,8261,6.2634e+05,3.7057e+05,12044,1.3508e+05,4.8134e+05,2.2124e+05,2.2951e+05,417.02,2.2327e+05,799.92,81825,2.9638e+05,3.2921e+05,2.3147e+05,15752,44498,14685,25406,5651.2,7237.3,2.5294e+05,1216,3.4701e+05,6731.2,9032.3,1.3444e+05,26351,155.29,148.96,4.5066e+05,13121,2.1581e+05,1.2806e+05,7326.1,1852.8,41281,1796.6,1.722e+05,1533.9,67.968,2.3874e+05,1.0851e+05,1.299,1.2787e+05,2861.6,2.061e+05,244.48,36431,46190,1.1934e+05,1.9373e+05,3428.3
2821,4.0998e+05,21999,96269,5.3404e+05,481.77,6231.8,1.6366e+05,683.87,35814,2.326e+05,817.35,1016,10527,621,2.7301e+05,6990.3,7754.9,15135,5.7227e+05,3.3392e+05,5704.8,1.3556e+05,4.5174e+05,2.09e+05,2.3466e+05,3539.4,1.6265e+05,1730.9,1.0784e+05,2.7532e+05,2.7568e+05,2.1748e+05,5394.5,56313,16860,22339,12647,6929.3,1.6856e+05,413.58,3.2287e+05,7623.8,8173.2,1.3737e+05,21000,45.844,4054.4,4.2524e+05,2824,1.8362e+05,92706,3145.6,1893.2,31881,1987.1,1.5078e+05,627.69,876.52,2.2754e+05,1.0541e+05,0.938,1.2975e+05,4694.7,1.6006e+05,322.77,31639,43749,1.2626e+05,2.1369e+05,5012.3
1965.9,4.9658e+05,29633,67888,6.3931e+05,473.14,2115.3,1.6141e+05,2033.2,29804,2.7484e+05,2438.7,1196.8,3325.6,951.6,2.5073e+05,1564.3,2930,50444,4.453e+05,2.6877e+05,1799.4,1.4693e+05,4.1947e+05,2.1713e+05,2.2048e+05,3121.8,1.737e+05,5229,1.1364e+05,2.5433e+05,2.9848e+05,2.1713e+05,3579.1,76814,11673,16218,7191,6967,1.543e+05,1553.2,3.5568e+05,22831,6112.9,1.1418e+05,36327,208.1,963.59,4.2135e+05,3397.2,1.7863e+05,1.1576e+05,678.29,3928.4,23848,3103.8,1.5668e+05,851.78,2311.4,2.1801e+05,1.219e+05,48.965,1.1873e+05,7431.5,1.5803e+05,558.26,17863,36096,1.2692e+05,1.8944e+05,1786.1
1044.5,4.7751e+05,11185,21469,6.2592e+05,770.9,2023.2,1.8657e+05,3966.3,31522,4.1438e+05,814.07,2409.4,4934.2,846.25,2.8144e+05,3281,2966.1,70852,2.6565e+05,2.5285e+05,3740.9,1.6274e+05,4.7211e+05,2.0779e+05,1.4154e+05,5457.7,1.5684e+05,1830.4,1.2316e+05,2.4282e+05,2.7881e+05,2.4993e+05,2569.8,64768,10826,31804,6038.8,5010.3,1.5957e+05,1033.6,3.6071e+05,21955,3228.5,1.1486e+05,18391,777.36,880.37,4.4676e+05,1055.9,1.8811e+05,1.5142e+05,711.17,7490.5,26361,615.07,1.4603e+05,2154.4,787.37,1.9214e+05,1.0956e+05,1.01,93728,2887.7,1.448e+05,340.29,17667,30993,1.2279e+05,1.911e+05,213.3
5286,5.009e+05,11118,15824,7.4242e+05,420.46,1138.3,1.6295e+05,5871.6,74815,4.3668e+05,169.27,1710.3,1777.9,594.29,2.5742e+05,421.37,410.81,32840,2.3566e+05,2.5077e+05,7924.2,1.1214e+05,3.6619e+05,1.9631e+05,2.0703e+05,2096.7,1.7541e+05,989.39,77136,2.3692e+05,2.5601e+05,2.0438e+05,2494.9,77005,25293,15239,4888.2,10414,1.2993e+05,1746.5,3.4448e+05,12551,4294.7,1.2826e+05,10802,379.42,137.52,4.4868e+05,261.25,1.6201e+05,1.4115e+05,4030.1,16023,32140,962.61,2.0819e+05,2224.4,488.83,2.3559e+05,1.5619e+05,1.083,73326,718.03,75591,962.02,27975,37874,89020,2.5199e+05,1219
7232.9,3.1949e+05,5480.9,18299,5.8199e+05,566.75,2043.4,1.046e+05,818.51,32659,2.4661e+05,395.08,296.87,3053.7,760.5,1.9037e+05,5763.4,108.3,21427,1.9019e+05,2.232e+05,25510,1.0062e+05,3.6179e+05,1.8771e+05,1.4549e+05,18271,1.3257e+05,1345.4,73409,2.1737e+05,2.6598e+05,1.3751e+05,109.36,54039,4420.1,13796,6199.3,8306,1.015e+05,585.63,3.287e+05,13059,4525.3,72446,4384.1,2.361,225.02,3.4305e+05,278.5,1.1836e+05,1.4103e+05,2523.6,3188.8,33181,12028,2.1544e+05,350.52,110.28,2.3022e+05,65428,1.201,52650,5163.9,48156,120.64,1156,24457,84171,2.7228e+05,68.153
899.79,2.392e+05,226.15,5287.5,3.593e+05,295.3,306.4,82302,729.11,30906,81405,430.99,345.65,5317.9,1203.4,1.0015e+05,640.21,65.203,9294.6,1.2441e+05,1.1837e+05,1462.5,1.1527e+05,3.3286e+05,72952,98469,128.84,95670,157.6,62143,1.1337e+05,1.6385e+05,98129,1074.7,29440,8927,3526.5,2600.4,288.24,63504,174.96,3.8729e+05,4525.9,1371.1,56144,6282.7,272.01,27.517,2.4456e+05,180.95,1.4481e+05,95754,1149.4,2880.9,22687,2645.7,74509,318.86,4.23,1.6592e+05,43066,0.951,50142,122.85,20052,72.09,3691.3,9783.6,1.1001e+05,1.3916e+05,724.72
22842,1.5135e+05,13.961,3227.7,2.541e+05,386.63,274.29,60991,38.545,5322.6,95846,160.08,189.03,5623.3,100.17,43401,198.49,51.172,3966.4,64706,85034,3695.5,97847,1.4161e+05,75928,96143,18.719,69638,75.397,19178,1.7716e+05,2.5842e+05,84109,35.372,13932,1861,3807,142.37,1361.9,22432,146.22,2.2953e+05,3958.9,2790.1,69676,4061.3,5980.1,49.756,2.3253e+05,91.49,61137,34502,1123.1,5135.9,14747,29140,56819,167.88,2.052,1.6004e+05,45290,1.035,14615,135,18269,312.02,1209.2,6487.6,1.1066e+05,1.1889e+05,44.979
184.62,1.045e+05,1516.6,2064.9,2.2695e+05,92.054,1390.7,45638,51.71,11635,62911,66.537,295.95,1723,116.32,54389,571.47,24.127,1296.9,77304,83605,8884.7,91272,77119,61174,90570,17.682,38192,23.144,40233,1.9275e+05,1.7203e+05,49503,34.033,9965.7,3225.3,8483.5,1108.1,2449.1,13382,158.5,1.1975e+05,3950.6,2827.1,55636,1385.1,2177.8,11.505,1.0161e+05,78.573,32490,26282,948.3,522.85,12405,21388,36759,158.25,0.072,82826,30469,0.938,15306,208.36,22906,31.803,901.4,1831.9,94566,1.2896e+05,43.184
189.42,68477,28.858,2632.8,1.495e+05,91.973,339.19,29015,60.49,9405.7,78088,101.7,198.63,2265.9,234.62,28005,204.12,22.55,1016.7,41726,1.1233e+05,138.75,78231,77661,38670,54135,25.596,67004,29.461,97689,98748,2.1798e+05,73357,29.501,8828.8,334.77,2797.1,393.31,298.98,23247,118.03,79315,13449,2332.7,54641,1651.4,14.635,10.191,98160,63.511,44823,15173,252.36,915.66,33080,27566,23457,218.53,0.321,42540,11989,1.01,12663,508.69,18169,68.799,227.72,2926.5,89676,52895,53.479
215.36,1.0389e+05,58.311,3296.8,1.8299e+05,86.617,308.85,52517,51.658,10430,1.1528e+05,59.004,452.13,1500.3,125.71,48192,202.27,34.635,3505.3,35163,74386,472.68,89611,96784,35059,57800,198.19,40183,545.67,1.0128e+05,94751,1.88e+05,42576,47.093,6701.7,334.36,2475.6,76.721,323.2,50178,72.366,62663,328.35,1063.4,12731,6809,5.974,10.346,96764,264.51,43696,25094,123.78,715.86,9323.9,22214,33668,242.88,0.506,49898,30289,0.938,12967,547.94,46158,69.039,882.52,6966.4,24235,47125,43.275
4347.9,2.3658e+05,650.57,4086.4,3.0724e+05,92.895,908.91,1.2045e+05,71.325,24126,1.5191e+05,12666,434.88,1456.1,891.4,85343,653.37,3128,7617.7,81975,1.1152e+05,1499.8,1.004e+05,2.3103e+05,81391,93421,22.657,1.0201e+05,1064.4,60849,2.077e+05,1.8778e+05,74016,66.112,17191,8276,10726,83.424,4539.5,1.7244e+05,161.75,1.7232e+05,764.02,1532.6,26964,9297.3,6.408,99.635,1.6089e+05,408.38,1.2327e+05,39956,3181.2,870.92,10305,15283,1.0545e+05,1435.3,57.162,50724,24693,1.299,40592,3148.5,55407,110.49,1306.1,8686.3,45483,27587,435.41
2905.9,2.7999e+05,1052.3,24029,4.5215e+05,3288.7,1252.9,1.9484e+05,65.037,34161,2.3975e+05,1212.5,2093.4,5615.4,785.81,1.974e+05,5528.8,433.4,2273.9,1.4417e+05,1.1632e+05,2251.4,1.033e+05,2.7019e+05,1.1218e+05,1.2437e+05,192.35,1.4734e+05,1162.7,62580,3.6491e+05,2.5132e+05,1.1425e+05,269.83,34471,8187.8,20224,235.04,2033.5,2.9964e+05,524.52,2.4275e+05,643.53,1960,53681,7109.7,436.68,553.68,2.2494e+05,2487.5,1.1952e+05,69764,167.89,5952.4,31505,30571,95800,997.44,15.064,1.1959e+05,56151,114.04,55653,3954.4,98576,1707.6,2125.2,22114,58692,90797,1235.6
2812.7,2.515e+05,929.42,17575,6.1362e+05,1082.1,3888.6,2.6867e+05,8808,33293,2.8124e+05,279.54,4571.6,1666.9,1705,1.9276e+05,9261.3,10621,14322,2.2701e+05,1.2522e+05,1887.4,1.0352e+05,3.2317e+05,1.1533e+05,1.2698e+05,3150.5,1.4499e+05,2389.9,1.2049e+05,5.7831e+05,2.4222e+05,1.6817e+05,4024.6,19798,10758,34264,568.41,4113.1,4.9191e+05,1006.5,3.1931e+05,3839,6899.2,56990,7892.5,7380.5,266.78,2.9214e+05,1654.9,1.2439e+05,89812,5894.7,4039.8,16905,20375,94644,507.52,410.26,1.7392e+05,44104,505.13,60860,7325,1.3938e+05,5218.5,11648,28746,59610,91554,1869.3
5501.8,3.3631e+05,9265.7,36498,7.9461e+05,1336.8,3590.8,3.5547e+05,27704,61181,2.1321e+05,407.75,7556.9,3701.6,647.64,2.1193e+05,11108,15778,6919.1,3.214e+05,2.0807e+05,5704.5,1.2107e+05,3.5381e+05,1.3864e+05,1.8863e+05,4183.5,1.5697e+05,1911.9,93145,5.623e+05,2.3843e+05,1.7494e+05,373.91,35892,27714,39757,421.74,6967.2,7.4541e+05,5084.9,3.8538e+05,1503.7,9038,96914,12396,13390,283.03,3.2669e+05,4718.6,1.2845e+05,1.2922e+05,5836.5,3428.5,24000,15017,96029,1876.1,347.08,1.823e+05,98795,8051.9,1.0824e+05,7091.1,1.3111e+05,2105,18983,71656,75414,1.7701e+05,3488.3
2868.4,3.107e+05,7169.2,51290,8.7951e+05,1549.3,1694.6,4.013e+05,9035.2,73556,3.3642e+05,134.7,1134.3,4336.2,441.53,2.1961e+05,2889.2,15945,10058,3.9219e+05,1.5711e+05,959.81,1.221e+05,3.4225e+05,1.3744e+05,1.9797e+05,13195,1.5587e+05,4767.8,1.1561e+05,6.6756e+05,2.5236e+05,1.1948e+05,751.49,44031,25308,34420,2269.8,2492,7.0305e+05,1076.2,2.8978e+05,9468.7,6687.9,1.4179e+05,7650.4,14142,267.41,3.4046e+05,1370.5,1.6493e+05,1.2222e+05,3446.3,6559.1,20151,5705.5,1.0657e+05,731,779.36,1.7709e+05,89119,4085.5,70990,8800.2,1.3033e+05,394.85,17538,48133,84373,1.4138e+05,5846
11621,3.2783e+05,23894,51945,7.6555e+05,2385,4183.8,4.4863e+05,2706.8,46999,2.8589e+05,164.98,3513.3,2642.2,2082.3,1.8181e+05,2929,16519,18135,3.5854e+05,1.9101e+05,1971.8,1.2415e+05,3.7532e+05,1.9097e+05,2.2325e+05,7294.5,1.4796e+05,2493,99111,5.6858e+05,2.3746e+05,1.3194e+05,580.31,42240,14375,19252,1812.4,4247.8,5.529e+05,1378.8,2.9359e+05,5852.5,10132,1.2203e+05,6710.7,15334,130.44,3.1639e+05,2900,1.8965e+05,1.2336e+05,3278.6,3349.7,26208,3201.4,1.1008e+05,1949.4,316.71,1.6784e+05,83869,5070.5,68069,17459,1.3201e+05,311.34,22084,36488,69996,1.6081e+05,1511.3
3148.7,4.093e+05,4478.6,72777,6.8555e+05,1227.6,2295,3.3907e+05,2608.6,48837,3.6051e+05,397.75,3458.8,1467.8,1503.3,2.1447e+05,2859.7,16589,20351,4.4338e+05,1.937e+05,4165.6,1.5282e+05,4.0859e+05,1.7895e+05,2.4027e+05,2629.3,1.4071e+05,1818.8,1.3444e+05,5.8481e+05,2.4835e+05,1.9531e+05,1738.3,50647,6783.8,27300,393.66,2254.8,4.2198e+05,795.79,2.9275e+05,11875,10054,1.3655e+05,11610,5947.7,105.72,3.1291e+05,1411.9,1.95e+05,2.027e+05,3177.3,5415.9,50759,3464.4,1.5731e+05,1738.2,1580.2,1.8788e+05,1.5344e+05,1455.1,89818,38480,1.4776e+05,777.4,26029,54697,77956,1.9207e+05,1140.3
1907.8,4.4205e+05,10048,63663,7.1114e+05,1302.6,4616.3,3.1269e+05,2602.9,38373,3.4199e+05,378.92,2192.3,4089,751.2,1.8217e+05,4355.2,16133,37646,4.838e+05,1.7695e+05,1532.3,72228,3.8787e+05,2.1643e+05,2.9791e+05,6438.8,1.9636e+05,3735.6,1.2662e+05,6.3442e+05,2.6138e+05,1.474e+05,3076.6,56491,6994.6,21169,6988.2,3032.7,4.5587e+05,2128.3,3.2111e+05,7502.6,10439,1.0719e+05,9347.3,10566,721.35,3.2408e+05,8865,1.5996e+05,1.0172e+05,1932.6,8212,39998,6622.6,1.2656e+05,2364.4,1326.1,2.0144e+05,81024,9224,1.2634e+05,12947,1.6127e+05,147.08,6027.4,56038,90601,1.9329e+05,4937.9
1661.5,3.6234e+05,9239.9,82430,9.2279e+05,4422.6,1113,2.5945e+05,3637.4,52752,3.0757e+05,313.62,348.48,2305.6,255.87,2.0366e+05,3998.6,14442,8867.6,4.7454e+05,2.1871e+05,943.73,1.0384e+05,3.868e+05,1.9937e+05,2.3664e+05,2316.1,1.8217e+05,3710,1.1608e+05,6.3968e+05,2.3032e+05,1.4922e+05,5080,36959,32181,25728,10313,3485.7,3.5125e+05,696.75,3.0789e+05,10931,12048,1.3221e+05,17796,39348,695.49,2.9982e+05,2241.3,1.8144e+05,90783,2133.5,6220.6,23330,10070,1.0265e+05,9656.2,2695.7,2.1176e+05,86287,11027,79171,16204,1.7091e+05,217.46,26735,72706,1.4909e+05,2.1782e+05,7199.6
8079,3.4976e+05,12799,67764,8.811e+05,1685.1,1136.5,2.8047e+05,3233.1,48248,2.7657e+05,1869,702.81,4068.9,287.42,1.8302e+05,2070.1,23396,7976.3,4.3871e+05,2.009e+05,2156.1,56135,4.046e+05,1.6015e+05,2.1889e+05,6560.1,1.6021e+05,1892,1.0362e+05,5.9218e+05,2.1221e+05,1.2525e+05,4630.3,79771,25269,32247,6352.5,21221,2.8972e+05,1339.6,3.3671e+05,7285.4,11470,1.4233e+05,25366,8137,1356.9,3.507e+05,2025.3,1.8636e+05,98129,477.13,3041.6,30091,5523.1,95686,1009.3,1156.8,1.883e+05,67867,3986.8,81903,18004,1.0042e+05,70.602,32849,45846,1.2983e+05,1.6264e+05,4778.8
4392.6,3.053e+05,18692,85567,8.1454e+05,618.88,2479.1,2.8828e+05,2301.3,51093,3.0044e+05,307.11,1200.8,12004,609.73,2.1407e+05,1043.5,12206,27136,4.5778e+05,2.2929e+05,2973.8,75143,3.9239e+05,1.3481e+05,2.4369e+05,5969.7,1.812e+05,2872.1,1.3037e+05,5.8401e+05,2.432e+05,1.7164e+05,4633.9,45797,16113,52313,14723,2545.9,3.0229e+05,785.43,3.3431e+05,10395,11051,1.045e+05,9125.7,9465.6,75.549,3.9186e+05,7435.5,1.9006e+05,98836,3528.6,4377.4,24647,2571.9,1.1413e+05,284.09,165.24,1.7874e+05,95362,1604.5,79604,10906,1.0739e+05,1453,19553,69197,1.2189e+05,1.8284e+05,4672.2
8424.7,4.1882e+05,8720.4,1.0708e+05,5.931e+05,553.43,6348.8,2.721e+05,1399,41913,3.0647e+05,347.96,1999.7,5369.9,895.66,2.0583e+05,5081.4,14760,47803,5.1644e+05,1.9673e+05,1196.5,93832,4.0428e+05,1.9373e+05,2.6733e+05,5253.8,2.3226e+05,3895.4,92877,3.9825e+05,2.7378e+05,2.1518e+05,7542.7,56010,16594,61642,2810,8542.8,1.8619e+05,845.93,3.214e+05,8072.9,12502,1.2795e+05,11944,2664.7,694.7,3.4489e+05,5271.5,2.5514e+05,1.0941e+05,2510.8,2281.8,37887,2767.9,1.2521e+05,8666.4,546.14,2.2242e+05,1.0683e+05,2698,1.1016e+05,13959,1.0411e+05,298.64,27753,63135,95143,1.8286e+05,2060.8
4309.5,4.2246e+05,15695,1.3404e+05,5.8885e+05,1605.5,3722.8,2.4094e+05,2787.3,26934,2.1512e+05,3048.6,11067,14804,1806.3,2.4368e+05,4669,14193,22080,6.6677e+05,2.5471e+05,5241.8,85360,4.2954e+05,2.7435e+05,2.8249e+05,486.88,1.6473e+05,6820.9,89578,2.6312e+05,2.8116e+05,2.0306e+05,5160.8,50943,12378,26734,1899.6,5670.8,1.4218e+05,1721.3,4.1924e+05,14691,6286.9,1.4516e+05,23278,793.87,1589,3.3173e+05,4223.2,2.6258e+05,1.5898e+05,1468.3,3328.6,33966,362.62,1.3822e+05,2831.3,524.12,1.6306e+05,90150,306.2,1.0747e+05,20904,99560,1013.4,11757,53430,87864,1.9944e+05,1612.6
9164.9,4.8946e+05,22830,1.0586e+05,7.1822e+05,770.23,2092.8,2.796e+05,3117.1,49946,1.9796e+05,538.61,6115.5,3396.8,1927.3,2.7498e+05,4836.4,9309.9,13956,5.9166e+05,2.5513e+05,6181.6,99651,4.7218e+05,2.6326e+05,2.5987e+05,1476,1.8839e+05,6057.2,1.2923e+05,3.0125e+05,2.7005e+05,2.1592e+05,9533.5,54207,31924,19250,4984.4,6870.5,1.998e+05,925.82,3.8002e+05,14602,5219.8,1.6474e+05,40768,1358.1,910.55,4.013e+05,50990,2.145e+05,1.8821e+05,4176,2505.8,44827,940.02,1.407e+05,7284.5,7896.4,1.8726e+05,96274,102.11,1.1929e+05,12373,1.3336e+05,67.517,22712,68264,1.0008e+05,1.9107e+05,1069.9
5290,4.77e+05,12519,1.2367e+05,6.6003e+05,313.31,1436.5,2.3009e+05,2316.1,65464,2.1717e+05,283.7,7849,4390.6,4499.8,2.5285e+05,7655.5,5975.3,8183.6,4.9349e+05,3.0791e+05,8538.8,1.1175e+05,4.637e+05,2.1364e+05,2.0188e+05,1154.6,1.7506e+05,6632.8,1.0754e+05,3.6071e+05,2.5551e+05,2.0223e+05,2600,54004,12570,17859,10050,4220.3,2.1433e+05,530.88,3.0903e+05,18799,7069.5,1.2932e+05,34196,3350.2,583.75,4.7127e+05,5035.5,1.9601e+05,1.3791e+05,985.45,6469.3,36199,877.98,1.6322e+05,6844.5,244.43,2.08e+05,98418,66.579,96517,9717.9,1.1126e+05,483.65,35945,88633,1.2844e+05,2.2501e+05,168.5
1460.5,4.3924e+05,16758,65690,6.9103e+05,1023.8,829.57,2.1653e+05,4063.2,57126,2.7724e+05,601.53,3355.8,1439.5,820.12,2.6114e+05,2225.4,4581.8,31801,4.4301e+05,2.6675e+05,3051.3,1.3718e+05,4.3128e+05,1.9965e+05,1.5009e+05,2256.1,1.8188e+05,5012.6,1.1105e+05,2.4643e+05,2.2212e+05,2.3208e+05,803.71,76054,12294,37094,3854,4686.6,1.8498e+05,635.78,3.2157e+05,21203,4621.2,1.2077e+05,19569,2710,5684.5,4.182e+05,4306.2,2.6483e+05,1.6362e+05,3128,7607,36627,1223.7,1.5538e+05,4111.3,161.86,1.9749e+05,90018,1.401,85738,3581.6,1.1106e+05,898.61,20625,58695,1.5397e+05,2.0751e+05,355.41
5527.3,4.4073e+05,14918,21989,6.1366e+05,244.8,949.27,1.9886e+05,1013.4,50014,3.331e+05,1335.4,782.09,6072.8,395.46,2.8175e+05,1487.3,2760.2,46608,2.8868e+05,2.4826e+05,2162.2,1.4206e+05,3.8601e+05,2.3856e+05,1.567e+05,3310.1,1.7693e+05,8738.4,84490,2.5507e+05,2.3313e+05,2.382e+05,2193.3,44337,9090.4,62172,4637.3,8505.1,1.7683e+05,691.45,3.0043e+05,6962.4,2882.9,1.0805e+05,17113,2501.3,79.295,3.7498e+05,1104.2,1.8759e+05,1.3439e+05,2289.9,3152.8,39027,1405,1.6307e+05,4968.8,298.54,1.8537e+05,97900,7.876,84772,5480.9,66421,989.63,15483,31320,1.6555e+05,2.0499e+05,181.35
6740.5,5.2643e+05,11400,9935.1,6.7458e+05,6226.7,872.86,2.0044e+05,289.92,38452,3.9092e+05,482.11,263.19,3874.5,1713.8,2.3092e+05,1070.3,399.11,42136,2.3797e+05,2.619e+05,3899.5,1.8971e+05,4.876e+05,2.6783e+05,2.4511e+05,2282.1,1.3039e+05,3941.7,1.0756e+05,2.3136e+05,2.9691e+05,2.1114e+05,1005.3,66063,18307,30074,4597.2,16489,1.5341e+05,423.32,3.2789e+05,13359,2825.6,83182,10310,466.27,365.79,2.7509e+05,262.43,1.794e+05,1.2152e+05,936.89,946.2,47753,66.207,1.888e+05,1861.4,484.83,2.1547e+05,1.2318e+05,3.787,75384,2445.7,60247,327.59,8035.8,41398,1.9523e+05,2.0643e+05,691.16
983.65,2.9089e+05,2857,10156,6.1451e+05,107.59,1014.1,1.3303e+05,2218.9,20296,3.34e+05,89.157,310.73,3555.6,275.35,1.4514e+05,635.96,157.11,9885.6,2.4333e+05,2.8679e+05,11510,1.7086e+05,3.4258e+05,1.9077e+05,1.8395e+05,5985.4,1.7677e+05,5706.7,74159,2.035e+05,3.1289e+05,1.3074e+05,3910.4,49797,12635,6024.2,3799.2,1338,1.0088e+05,156.28,2.7578e+05,21176,2922,99645,17592,4094.2,66.996,3.4769e+05,166.1,1.0352e+05,1.1942e+05,1479.3,810.26,49257,11496,1.4824e+05,330.93,19.519,2.0096e+05,84572,1.201,77774,6618.4,26553,9601,9701.5,26840,1.9238e+05,2.5008e+05,40.207
892.31,1.8788e+05,571.8,11610,4.0644e+05,128.69,313.85,59134,408.13,25373,2.0678e+05,50.756,171.6,5543.6,269.43,1.6905e+05,1262.5,38.368,4116.3,1.0424e+05,2.3402e+05,3224.2,1.182e+05,2.2065e+05,80668,1.2697e+05,570.33,94936,2959.4,38054,1.2265e+05,1.9035e+05,1.1123e+05,193.27,45041,8276.1,3488.1,5541.2,3893.8,33422,103.54,2.744e+05,3535.2,8349.3,78887,9848,147.54,67.266,3.9773e+05,201.13,69501,43249,465.13,4630.9,26858,33774,53881,625.96,11.824,1.9758e+05,52381,2.252,37641,8965.6,36630,1195,623.11,24228,1.1346e+05,2.3624e+05,56.293
1032.3,94031,48.185,6371.5,3.7414e+05,107.88,1227.2,48175,691.85,9262,62020,52.994,164.99,6108.6,280.06,1.2793e+05,151.15,251.19,15687,98679,1.4098e+05,4525.6,1.2011e+05,2.2686e+05,40045,1.2019e+05,27.39,77987,276.2,36225,61727,1.9108e+05,87666,33.081,29943,1271.3,4478.2,951.53,364.04,22920,616.62,1.6427e+05,40454,30999,55935,1990.3,15.351,50.023,2.7126e+05,135.81,34523,37123,733.97,1166.2,12312,8208.1,34002,769.13,2.109,1.6383e+05,38453,1.01,19391,317.16,22136,196.71,5187.2,9117.9,78484,1.4617e+05,36.992
863.43,1.0268e+05,30.638,2877.4,2.2739e+05,133.75,225.09,31325,56.936,5241.7,52479,48.75,180.1,3894.5,115.22,42509,194.56,45.381,1449.9,57908,94579,93.131,1.2047e+05,1.216e+05,28883,97462,295.66,53679,160.62,41978,73820,1.1276e+05,59269,18.772,26445,3596.4,2570.2,225.43,400.22,37038,625.2,2.1275e+05,24724,22463,59602,1206.4,9.443,153.04,3.0548e+05,134.73,44329,14891,692.44,3269,10383,16853,32451,391.73,1.445,84526,35932,0.938,11546,1205.9,10407,30.429,999.17,11494,86388,78187,35.965
2314.5,58853,18.773,1737.4,1.8239e+05,149.65,253.96,27779,4.68,12585,56142,48.821,182.2,1376.5,243.1,46929,1574.4,100.7,1297.6,26964,1.0256e+05,147.2,1.48e+05,1.063e+05,21535,71553,28.553,68386,187.05,23213,46379,95355,41735,2941.7,8798.7,2998.1,1667.4,253.08,393.37,28787,107.62,1.2758e+05,3106.1,595.14,51907,3864.6,21.273,186.98,2.5578e+05,131.88,15574,46838,306.38,4037.8,9569.9,33433,27123,244.12,0,46280,29128,0.938,11313,1162.1,31915,286.56,720.22,5321.2,67478,60807,61.675
3085.8,1.0963e+05,37.6,1833.4,1.6309e+05,124.31,394.56,83830,9.047,6564.3,66439,68.151,578.93,19540,127.97,78826,122.97,52.338,2776.6,1.1768e+05,74289,402.67,1.564e+05,93783,35173,65861,40.539,56219,1691.3,22360,54609,62144,35407,2692.6,11188,641.08,3906.9,5251.2,1457.2,25358,85.002,1.6568e+05,4616,930.65,38417,2143,8.953,62.582,1.1697e+05,625.2,36932,40069,387.89,4365.3,14815,26197,30232,531.44,0.416,58266,67706,1.01,19080,1121.4,58608,1609,2577.1,13521,21807,28352,40.531
1184.4,2.2726e+05,33.342,4052.8,2.2429e+05,330.75,698.52,1.1771e+05,271.56,18832,1.5065e+05,285.5,1441.6,1798,244.96,1.038e+05,2222.6,105.97,27448,1.2566e+05,77871,241.31,77655,1.6512e+05,1.4236e+05,35732,15.328,66808,9430.2,41329,1.374e+05,56349,70004,126.03,16142,2025.7,25865,26.822,2687.9,1.5285e+05,289.78,1.7044e+05,4078.5,994.89,26823,5706,23.465,105.01,1.4287e+05,1270.2,1.0085e+05,50100,1212.4,1958.4,12337,43372,64650,5769.7,16.838,83963,21275,0.938,42978,1881.4,56023,1306.3,1296,15519,42616,46265,146.08
2566.6,2.094e+05,251.9,14097,4.3787e+05,462.03,1056.9,2.0182e+05,497.05,34079,1.8436e+05,928.51,2341.9,2003.4,1193.2,2.1545e+05,6254.6,1698.7,6729.5,1.3029e+05,1.1665e+05,6222.6,76533,3.1355e+05,1.5353e+05,1.1401e+05,44.906,1.4853e+05,1285.5,70925,3.2554e+05,1.2315e+05,1.0451e+05,4077.8,17451,2844.4,27220,24.42,2402.4,3.4512e+05,1436,1.8898e+05,5797.3,1327.4,50626,8699.7,90.877,632.16,2.5501e+05,791.15,1.0881e+05,1.2458e+05,3456.8,2584.2,24586,27654,67732,1086.6,1211.6,1.4103e+05,51661,28.606,39440,3349.3,60493,234.3,1890.5,17614,55828,71885,563.13
3993.1,2.2746e+05,2039.8,18460,6.4446e+05,654.39,1416,3.7031e+05,1602.1,30262,2.2795e+05,682.58,1816.3,1654.3,546.66,1.8609e+05,4519.1,4372.8,16686,2.0881e+05,1.2977e+05,739.9,78040,3.5207e+05,1.58e+05,1.5155e+05,2824.1,1.354e+05,1106.5,85284,4.4898e+05,2.1755e+05,1.1219e+05,8062.8,26359,7412.1,27372,872.15,3062.3,5.3439e+05,451.6,2.5748e+05,3827.6,1122.7,77688,12198,8857.3,2754.2,3.4217e+05,1965.6,1.2135e+05,93706,3620.2,3212.5,23588,21356,76503,1291,584,1.3778e+05,1.0027e+05,4223.4,65800,8907.1,91103,236.41,5639.1,25657,70815,72987,1743.4
8148.9,2.4357e+05,5407.7,50793,8.3887e+05,782.93,3500.9,3.741e+05,4982.5,48817,2.2348e+05,1291.9,2932.2,4843.6,1764.8,1.6976e+05,4511.1,13230,5444.2,3.3485e+05,1.2866e+05,732.9,96685,3.7195e+05,2.1113e+05,2.5931e+05,4987.2,1.3937e+05,2289.4,71506,5.5953e+05,2.1965e+05,1.6661e+05,203.87,30980,13256,22754,443.87,3509.5,6.3121e+05,2746.4,2.915e+05,5868.4,10838,93520,8627.7,15968,757.65,2.7395e+05,1399.9,1.7795e+05,1.754e+05,4390.9,3772.6,15216,27873,96373,941.48,386.06,1.4009e+05,62206,1263,72109,38873,1.4955e+05,159.9,12638,39529,54454,1.1078e+05,4547.4
12769,2.4306e+05,5771.3,51618,7.7017e+05,2204.8,807.92,3.88e+05,3268.3,71125,2.0253e+05,319.02,2860.8,2890.9,698.57,2.608e+05,1491.9,13753,3732.2,3.4787e+05,1.4655e+05,764.96,1.3252e+05,4.1052e+05,1.7958e+05,2.3935e+05,5009.8,1.8954e+05,2272.7,84109,6.2854e+05,2.6649e+05,1.3784e+05,1000.7,36059,31007,31518,267.18,6344.7,6.0179e+05,170.72,2.9787e+05,10727,13850,1.1461e+05,5578.4,7601.2,39.722,3.2848e+05,1637.1,1.3496e+05,1.0556e+05,2396.5,12026,14880,8017.4,1.0927e+05,697.75,1303.5,1.4022e+05,1.0271e+05,1944.5,84412,5140.3,1.8455e+05,26.911,33979,57051,63593,1.2823e+05,2278.8
4553.9,2.6495e+05,3725,79174,7.0921e+05,1044.8,1064,3.4524e+05,2483.6,62291,3.063e+05,292.31,1704.6,9716.1,1674.6,2.6661e+05,3416.1,12480,18168,4.448e+05,1.9064e+05,2414.7,1.0781e+05,4.0188e+05,1.9289e+05,2.6629e+05,4113.4,1.3084e+05,4855.2,96556,6.3039e+05,2.3578e+05,1.3345e+05,2029,49674,7900.1,23364,648.52,2978.4,4.8985e+05,1402.2,2.9497e+05,590.43,17399,1.0484e+05,19063,7631.8,318.2,3.1219e+05,5180.3,1.8475e+05,1.3371e+05,1782.6,4883.2,20472,4420.3,98712,745.5,2757.6,1.9082e+05,88629,2472.5,93634,8331.7,1.3357e+05,95.144,22926,51879,1.1119e+05,1.6323e+05,3262.8
4437.4,3.5267e+05,5407.6,68625,7.0156e+05,3660.6,2292.2,3.824e+05,3163,81025,3.6333e+05,552.83,1743.8,5813,6304.2,3.1491e+05,1910,18793,27596,5.0646e+05,1.995e+05,4197.8,1.3139e+05,4.472e+05,1.8364e+05,2.0084e+05,5530.2,1.7932e+05,1402,96596,5.404e+05,2.573e+05,1.3404e+05,1371.7,52708,9510.6,27533,391.86,6465.1,4.079e+05,2108.8,3.4162e+05,3183.9,10000,98363,8941.2,10382,209.85,3.5392e+05,844.38,2.4399e+05,2.0148e+05,1277.1,6643.3,27904,658.05,1.66e+05,2531.4,2415.5,1.9294e+05,1.1846e+05,3175.9,1.3609e+05,19277,1.4508e+05,122.84,19175,69946,72846,1.7865e+05,2872.4
4586.5,3.1516e+05,9382.6,82994,7.3722e+05,1435.1,4684.2,3.3335e+05,6026.7,93385,2.9207e+05,534.13,4688.9,1700.8,2836.1,1.8819e+05,3209.7,10182,24264,4.9331e+05,1.8663e+05,1219.3,93667,4.1838e+05,1.8055e+05,1.8479e+05,2182.5,1.4813e+05,5300.7,97415,5.7941e+05,2.8706e+05,1.7648e+05,4338,43298,8360.5,17065,349.19,4863.1,3.7602e+05,1001.8,2.8749e+05,8499,7319.7,1.1915e+05,16016,4808.4,1576.8,3.2063e+05,2296.3,1.801e+05,1.3411e+05,1124.1,3334.8,35484,4928.7,1.312e+05,1819.9,2193.8,1.5037e+05,86996,2304.5,1.0924e+05,4291.5,1.2906e+05,366.84,13869,47538,79403,2.4095e+05,3994.8
3725.5,3.142e+05,17634,73537,7.7284e+05,989.4,1165.9,2.87e+05,7569.4,66275,3.093e+05,161.11,752.8,6214.8,640.76,2.5288e+05,2060,11404,9734.5,6.1308e+05,2.2184e+05,478.75,81910,4.0123e+05,1.7217e+05,1.6419e+05,2447.7,1.6835e+05,2789.6,91043,5.9639e+05,2.4367e+05,2.3465e+05,2092.4,42965,27574,22240,1821.4,2728.7,2.9578e+05,2266.7,2.812e+05,2279.8,6201.8,1.0958e+05,10213,11317,4769.2,3.4779e+05,3338.8,1.5462e+05,93609,679.41,20468,27463,20437,1.1299e+05,1041.4,7728.3,1.7824e+05,96669,1241.4,83535,6591.5,1.323e+05,254.56,7164.7,55740,59724,1.9648e+05,4421.9
2253.2,3.8224e+05,10233,78996,8.0384e+05,1375.9,795.49,2.6324e+05,8108.1,43071,2.3986e+05,140.05,422.59,6124.1,581.49,2.4993e+05,1128.9,13976,9168,3.5316e+05,1.7449e+05,1718.4,99550,4.1833e+05,1.5455e+05,1.8984e+05,1343.1,2.1889e+05,4253.3,1.0951e+05,5.547e+05,2.6697e+05,1.4904e+05,2279.5,51153,35948,25647,2883.9,6437.5,2.7848e+05,25.111,2.7657e+05,5364.6,7695.5,88840,12155,1193.4,3460.3,3.4463e+05,9144.7,1.7187e+05,87993,1903.3,3659,21048,22992,90613,1298.6,3601.7,1.4941e+05,88461,3087.1,77958,13111,1.4501e+05,535.96,19261,59853,1.2092e+05,1.6437e+05,9059.6
2841.3,3.5429e+05,8453.4,73619,7.2248e+05,456.06,1324.8,3.1692e+05,6378.9,63656,2.5357e+05,138.78,25226,5885.5,544.19,2.1089e+05,6602.3,19666,18004,5.1247e+05,1.935e+05,9866.3,77503,4.1033e+05,1.6286e+05,2.0659e+05,3873.8,1.6941e+05,6056.6,1.1287e+05,5.4579e+05,2.2019e+05,2.0231e+05,2882.1,62568,31892,27730,5017.7,3879.5,2.5714e+05,1439,2.7809e+05,3821.6,6575.5,1.1753e+05,18667,14841,329.66,2.7454e+05,2526.7,2.1028e+05,1.0053e+05,488.59,3721.1,30080,5935.1,1.2667e+05,1461.3,1260.6,2.0505e+05,97041,3504.1,86047,6736.8,1.1709e+05,208.6,20817,81827,72927,1.7562e+05,7669.8
6031.8,4.2295e+05,7648.7,74800,6.5683e+05,2996.5,2284.3,3.1327e+05,1678.2,41135,2.9548e+05,404.89,2787.6,2611.1,4283.8,1.9886e+05,5331.5,17559,31097,4.608e+05,2.0011e+05,9727.4,1.0561e+05,4.5889e+05,2.0084e+05,2.1498e+05,1056.1,2.2561e+05,2954.5,96217,3.3184e+05,2.7293e+05,2.2058e+05,5166.7,47888,9306,63204,5019.2,4883.8,1.5503e+05,659.83,3.3881e+05,5704.3,10348,1.0966e+05,19380,2993.7,1632.3,3.634e+05,1942.3,2.4638e+05,1.1462e+05,1716.3,5522.6,53341,2771.5,1.5308e+05,1378.8,1772,2.0683e+05,1.1959e+05,1995.5,1.1461e+05,15820,1.0188e+05,358.62,44017,66980,1.1385e+05,1.693e+05,3543.2
2517.5,5.4888e+05,9063.4,91052,6.3062e+05,4602.7,4231.2,2.6722e+05,2884.8,34587,2.4807e+05,13247,2133.2,6388.2,3030.8,1.9752e+05,5268,6623.8,16693,5.5731e+05,2.3726e+05,1534.2,81574,4.2609e+05,2.0284e+05,2.0747e+05,190.16,1.5336e+05,4392.1,86291,2.469e+05,2.8411e+05,2.3326e+05,2243.8,57167,13674,33195,3365.2,4966.8,2.0459e+05,866.56,3.0716e+05,6115.2,7725.3,1.2511e+05,9563,73.676,1302.3,3.3045e+05,937.09,2.6038e+05,1.7234e+05,312.68,13509,45636,546.49,1.3665e+05,7606.6,1623.9,2.0426e+05,93026,1146.6,33951,18751,1.0238e+05,1137,22531,51427,99158,2.0401e+05,4206.6
4562.8,4.951e+05,18154,93803,6.6088e+05,727.97,3644.3,2.6703e+05,6921.2,55883,2.2436e+05,1582.5,8133.9,3713.5,2461,3.0438e+05,3727.7,9224.8,5761.8,6.1826e+05,2.8207e+05,15421,1.1573e+05,4.5221e+05,2.6966e+05,2.0313e+05,288.75,2.0053e+05,2935.4,1.2173e+05,2.8575e+05,2.8586e+05,2.6493e+05,13621,61211,21229,27404,1762,6532,2.1685e+05,885.67,3.7356e+05,2615.1,11194,1.4115e+05,18900,180.39,658.43,3.9019e+05,3775.4,2.363e+05,2.1543e+05,148.35,4101.1,44147,1560.1,1.8756e+05,3456.6,5152.1,2.3768e+05,1.0884e+05,71.326,74657,12873,1.2207e+05,387.69,56186,49282,1.1431e+05,2.1584e+05,1849.7
6395.6,4.9484e+05,26765,1.0165e+05,6.8399e+05,610.8,805.66,3.0106e+05,3416.8,51040,2.7691e+05,832,29526,7900.9,2438.2,2.8282e+05,4109.8,15281,8947.4,5.4711e+05,2.7002e+05,8185.9,1.294e+05,5.1621e+05,3.0075e+05,1.9503e+05,92.989,2.0654e+05,2075.8,1.1938e+05,3.5646e+05,3.397e+05,2.4753e+05,8770.2,73900,17133,15927,3272.4,3478.8,1.9395e+05,1972.6,2.8326e+05,19712,11454,1.1377e+05,28090,380.52,3652.4,4.127e+05,1347.3,2.549e+05,2.2561e+05,1975.3,2344.1,37522,1089.2,1.7052e+05,2662.9,5622.3,2.4015e+05,1.0838e+05,1537.7,1.1015e+05,7737.7,1.6854e+05,1259.2,29616,59372,99024,2.4842e+05,1740.9
2502.3,5.9772e+05,15208,75919,6.3999e+05,305.81,7768.7,2.3004e+05,1167.3,38978,2.9288e+05,1553.2,2558,3381.7,741.3,2.376e+05,1723.1,6927.2,39971,4.6012e+05,3.4631e+05,4464.6,1.2644e+05,4.6041e+05,2.1986e+05,1.9563e+05,333.73,2.4106e+05,4557.1,1.3029e+05,2.8528e+05,2.5723e+05,2.4405e+05,6702.3,57701,5123.3,21867,6061.1,5581.5,1.7239e+05,2724.9,3.1919e+05,30026,4716.5,1.0438e+05,15369,127.95,1085.4,4.2474e+05,2307.2,2.0391e+05,1.3416e+05,1661.7,7829.1,51762,1035.3,2.2357e+05,4164.6,2025.4,2.1107e+05,87194,109.46,1.1967e+05,10523,1.0477e+05,1467.3,30473,43178,1.6884e+05,1.6992e+05,1508.1
2862,4.8821e+05,11338,36317,6.0176e+05,540.31,8560.3,2.2925e+05,1515.7,32190,3.5596e+05,323.48,868.71,2594.6,841.02,2.7259e+05,2176.4,1564.6,31599,3.2972e+05,3.548e+05,1364.1,1.3012e+05,4.3181e+05,2.3876e+05,1.4656e+05,2663.5,1.8197e+05,4006.6,1.1184e+05,2.1458e+05,2.466e+05,2.8796e+05,2058.5,61156,15511,18473,10106,9510.4,1.7862e+05,311.41,3.6136e+05,8135.4,6069.7,1.028e+05,19944,520.82,425.77,4.0382e+05,924.23,1.9651e+05,1.7396e+05,3487.7,3653.9,35753,495.99,2.4023e+05,2282.7,114.96,1.8585e+05,65787,9.987,1.0075e+05,7879.7,1.0961e+05,686.16,22553,35332,1.1507e+05,1.737e+05,136.19
8987.1,4.5838e+05,26292,20802,6.8735e+05,183.37,533.6,1.7001e+05,510.07,19527,3.8677e+05,146.07,361.16,6617,1736.3,2.4515e+05,2444.8,975.96,44105,2.1338e+05,2.5296e+05,1031.9,1.5337e+05,4.5995e+05,2.3836e+05,1.7151e+05,324.37,1.82e+05,2228,83922,2.5654e+05,2.9138e+05,2.5941e+05,2746.5,58889,19156,15157,9422.2,8051.9,1.6129e+05,107.83,3.2738e+05,22938,3310.5,1.003e+05,21837,5108.8,51.881,4.2166e+05,948.72,2.1715e+05,2.7987e+05,1396.5,4629.8,53428,6142.7,1.9421e+05,587.11,3.625,2.471e+05,99873,6.286,1.2429e+05,2441.7,77904,14959,6810.8,40337,1.0637e+05,2.2459e+05,73.928
